timestamp,model_path,grid_x,grid_y,target_x,target_y,episode,success,steps,block_x,block_y,block_angle,pos_noise,max_steps
2026-02-19T14:22:21.616110,outputs\train\act_vit_220ep_completion_v2\final,2,4,0.21999999999999997,0.19999999999999998,0,True,108,0.22964978412026626,0.20429374766604072,-179.3098267868582,0.02,300
2026-02-19T14:22:21.616110,outputs\train\act_vit_220ep_completion_v2\final,2,4,0.21999999999999997,0.19999999999999998,1,True,133,0.20262156933665343,0.19003432712235624,155.41607797780006,0.02,300
2026-02-19T14:22:21.616110,outputs\train\act_vit_220ep_completion_v2\final,2,4,0.21999999999999997,0.19999999999999998,2,True,109,0.20405438501195364,0.19750768290131832,14.22961637546317,0.02,300
2026-02-19T14:22:21.616110,outputs\train\act_vit_220ep_completion_v2\final,2,4,0.21999999999999997,0.19999999999999998,3,False,300,0.20404859160458233,0.20919121343387542,-136.6550046864589,0.02,300
2026-02-19T14:22:21.616110,outputs\train\act_vit_220ep_completion_v2\final,2,4,0.21999999999999997,0.19999999999999998,4,True,99,0.23312330969688472,0.19967249119302816,75.95876081093492,0.02,300
2026-02-19T14:22:21.616110,outputs\train\act_vit_220ep_completion_v2\final,2,4,0.21999999999999997,0.19999999999999998,5,True,207,0.21967590456918276,0.18881979365373625,-85.51236113034444,0.02,300
2026-02-19T14:22:21.616110,outputs\train\act_vit_220ep_completion_v2\final,2,4,0.21999999999999997,0.19999999999999998,6,False,300,0.22806184085553136,0.20331531383507243,149.34041690492973,0.02,300
2026-02-19T14:22:21.616110,outputs\train\act_vit_220ep_completion_v2\final,2,4,0.21999999999999997,0.19999999999999998,7,True,101,0.22668987514564387,0.19437336565203917,81.77257119131333,0.02,300
2026-02-19T14:22:21.616110,outputs\train\act_vit_220ep_completion_v2\final,2,4,0.21999999999999997,0.19999999999999998,8,False,300,0.22037331507927238,0.20195001361094217,65.45791098724791,0.02,300
2026-02-19T14:22:21.616110,outputs\train\act_vit_220ep_completion_v2\final,2,4,0.21999999999999997,0.19999999999999998,9,False,300,0.22361732007196017,0.19567955523898456,117.9094103127215,0.02,300
2026-02-19T14:22:21.616110,outputs\train\act_vit_220ep_completion_v2\final,2,5,0.21999999999999997,0.275,0,False,300,0.2309267772889961,0.26361731865077165,-37.57372809022151,0.02,300
2026-02-19T14:22:21.616110,outputs\train\act_vit_220ep_completion_v2\final,2,5,0.21999999999999997,0.275,1,False,300,0.22397717598812084,0.29392982901611264,50.65066145948888,0.02,300
2026-02-19T14:22:21.616110,outputs\train\act_vit_220ep_completion_v2\final,2,5,0.21999999999999997,0.275,2,False,300,0.23750996521098156,0.2824112504524936,-130.2738296586042,0.02,300
2026-02-19T14:22:21.616110,outputs\train\act_vit_220ep_completion_v2\final,2,5,0.21999999999999997,0.275,3,False,300,0.22440053646352953,0.27598246846936164,26.766469476787762,0.02,300
2026-02-19T14:22:21.616110,outputs\train\act_vit_220ep_completion_v2\final,2,5,0.21999999999999997,0.275,4,True,121,0.20658474889123957,0.28048302229033506,-26.438440073559182,0.02,300
2026-02-19T14:22:21.616110,outputs\train\act_vit_220ep_completion_v2\final,2,5,0.21999999999999997,0.275,5,False,300,0.21465397907544448,0.28716404675793505,71.36735314292577,0.02,300
2026-02-19T14:22:21.616110,outputs\train\act_vit_220ep_completion_v2\final,2,5,0.21999999999999997,0.275,6,False,300,0.23650005023302445,0.26781806956356496,150.47389139455808,0.02,300
2026-02-19T14:22:21.616110,outputs\train\act_vit_220ep_completion_v2\final,2,5,0.21999999999999997,0.275,7,False,300,0.23713614500618854,0.25678737763275367,-68.21658228171185,0.02,300
2026-02-19T14:22:21.616110,outputs\train\act_vit_220ep_completion_v2\final,2,5,0.21999999999999997,0.275,8,True,99,0.23419055035928582,0.25548003253056906,39.86057240955009,0.02,300
2026-02-19T14:22:21.616110,outputs\train\act_vit_220ep_completion_v2\final,2,5,0.21999999999999997,0.275,9,False,300,0.2252964666026197,0.29488601596894026,-65.1239576332665,0.02,300
2026-02-19T14:22:21.616110,outputs\train\act_vit_220ep_completion_v2\final,1,4,0.16999999999999998,0.19999999999999998,0,True,208,0.17507227641808126,0.20401293172270962,104.44489111155431,0.02,300
2026-02-19T14:22:21.616110,outputs\train\act_vit_220ep_completion_v2\final,1,4,0.16999999999999998,0.19999999999999998,1,False,300,0.15413197181429006,0.20831432313973172,96.48089938623392,0.02,300
2026-02-19T14:22:21.616110,outputs\train\act_vit_220ep_completion_v2\final,1,4,0.16999999999999998,0.19999999999999998,2,False,300,0.1799686055226528,0.18304574367126347,23.935378275659392,0.02,300
2026-02-19T14:22:21.616110,outputs\train\act_vit_220ep_completion_v2\final,1,4,0.16999999999999998,0.19999999999999998,3,False,300,0.1688554576458782,0.1958429611104365,22.40627113131138,0.02,300
2026-02-19T14:22:21.616110,outputs\train\act_vit_220ep_completion_v2\final,1,4,0.16999999999999998,0.19999999999999998,4,False,300,0.15477865255052456,0.21743259304831403,-40.26849130800985,0.02,300
2026-02-19T14:22:21.616110,outputs\train\act_vit_220ep_completion_v2\final,1,4,0.16999999999999998,0.19999999999999998,5,False,300,0.15755007365572027,0.18195490685975965,13.246265451494907,0.02,300
2026-02-19T14:22:21.616110,outputs\train\act_vit_220ep_completion_v2\final,1,4,0.16999999999999998,0.19999999999999998,6,True,97,0.16610959538934797,0.20433525596289034,35.922174461388,0.02,300
2026-02-19T14:22:21.616110,outputs\train\act_vit_220ep_completion_v2\final,1,4,0.16999999999999998,0.19999999999999998,7,False,300,0.18875332277342735,0.19826038408315916,-2.2814502544905753,0.02,300
2026-02-19T14:22:21.616110,outputs\train\act_vit_220ep_completion_v2\final,1,4,0.16999999999999998,0.19999999999999998,8,False,300,0.16654694387753796,0.19655995912585528,-42.85230165995341,0.02,300
2026-02-19T14:22:21.616110,outputs\train\act_vit_220ep_completion_v2\final,1,4,0.16999999999999998,0.19999999999999998,9,False,300,0.15352531806449882,0.21946504720066262,-85.44323564606006,0.02,300
2026-02-19T14:22:21.616110,outputs\train\act_vit_220ep_completion_v2\final,3,4,0.27,0.19999999999999998,0,False,300,0.27512777134486904,0.2091926853725614,-135.4206046390343,0.02,300
2026-02-19T14:22:21.616110,outputs\train\act_vit_220ep_completion_v2\final,3,4,0.27,0.19999999999999998,1,True,115,0.26491482548785283,0.21001877472590427,175.1950253707603,0.02,300
2026-02-19T14:22:21.616110,outputs\train\act_vit_220ep_completion_v2\final,3,4,0.27,0.19999999999999998,2,True,100,0.2873649454090226,0.21992050373594094,66.99739840319592,0.02,300
2026-02-19T14:22:21.616110,outputs\train\act_vit_220ep_completion_v2\final,3,4,0.27,0.19999999999999998,3,True,109,0.2728546590085542,0.20512858535475736,21.318908965943038,0.02,300
2026-02-19T14:22:21.616110,outputs\train\act_vit_220ep_completion_v2\final,3,4,0.27,0.19999999999999998,4,True,109,0.253529126438999,0.21280820996135275,-170.20436785037037,0.02,300
2026-02-19T14:22:21.616110,outputs\train\act_vit_220ep_completion_v2\final,3,4,0.27,0.19999999999999998,5,True,99,0.27709050368187504,0.20710485235151085,54.74368299380284,0.02,300
2026-02-19T14:22:21.616110,outputs\train\act_vit_220ep_completion_v2\final,3,4,0.27,0.19999999999999998,6,True,100,0.2813925420763888,0.19799039141512903,-154.28069988452614,0.02,300
2026-02-19T14:22:21.616110,outputs\train\act_vit_220ep_completion_v2\final,3,4,0.27,0.19999999999999998,7,False,300,0.2737812834632208,0.18913173137615152,87.28305574040643,0.02,300
2026-02-19T14:22:21.616110,outputs\train\act_vit_220ep_completion_v2\final,3,4,0.27,0.19999999999999998,8,False,300,0.28062028074999235,0.21726078145983535,146.42878187906305,0.02,300
2026-02-19T14:22:21.616110,outputs\train\act_vit_220ep_completion_v2\final,3,4,0.27,0.19999999999999998,9,True,181,0.27242135916835514,0.18195051043108534,151.41912244980497,0.02,300
2026-02-19T14:22:21.616110,outputs\train\act_vit_220ep_completion_v2\final,1,5,0.16999999999999998,0.275,0,False,300,0.17242228746589677,0.26603917072199845,-79.7511763436098,0.02,300
2026-02-19T14:22:21.616110,outputs\train\act_vit_220ep_completion_v2\final,1,5,0.16999999999999998,0.275,1,True,110,0.18461989263123976,0.28473128639638196,-167.0335128407961,0.02,300
2026-02-19T14:22:21.616110,outputs\train\act_vit_220ep_completion_v2\final,1,5,0.16999999999999998,0.275,2,False,300,0.15151177717355305,0.2877757251700055,-24.39382135901636,0.02,300
2026-02-19T14:22:21.616110,outputs\train\act_vit_220ep_completion_v2\final,1,5,0.16999999999999998,0.275,3,False,300,0.18543947292304921,0.2939430041200921,136.4815522476427,0.02,300
2026-02-19T14:22:21.616110,outputs\train\act_vit_220ep_completion_v2\final,1,5,0.16999999999999998,0.275,4,True,108,0.16183492517095793,0.2737613127448645,47.16472564364132,0.02,300
2026-02-19T14:22:21.616110,outputs\train\act_vit_220ep_completion_v2\final,1,5,0.16999999999999998,0.275,5,False,300,0.15943179576904673,0.28455432680201076,-21.753137950229775,0.02,300
2026-02-19T14:22:21.616110,outputs\train\act_vit_220ep_completion_v2\final,1,5,0.16999999999999998,0.275,6,True,96,0.18917881518830085,0.25713241688410915,-141.27025864224638,0.02,300
2026-02-19T14:22:21.616110,outputs\train\act_vit_220ep_completion_v2\final,1,5,0.16999999999999998,0.275,7,True,214,0.17963555937710488,0.2881429529780397,-2.707877191477088,0.02,300
2026-02-19T14:22:21.616110,outputs\train\act_vit_220ep_completion_v2\final,1,5,0.16999999999999998,0.275,8,False,300,0.18449192715019574,0.26555353521807923,-73.15417320416748,0.02,300
2026-02-19T14:22:21.616110,outputs\train\act_vit_220ep_completion_v2\final,1,5,0.16999999999999998,0.275,9,True,105,0.16767384765845877,0.29159155836827666,31.832362176597226,0.02,300
2026-02-19T14:22:21.616110,outputs\train\act_vit_220ep_completion_v2\final,3,5,0.27,0.275,0,False,300,0.27119698579506935,0.2595023809575448,83.65925890614822,0.02,300
2026-02-19T14:22:21.616110,outputs\train\act_vit_220ep_completion_v2\final,3,5,0.27,0.275,1,True,101,0.27692810988575506,0.2602342262751931,-129.98102581901716,0.02,300
2026-02-19T14:22:21.616110,outputs\train\act_vit_220ep_completion_v2\final,3,5,0.27,0.275,2,False,300,0.27981526105647586,0.2650237081631134,-20.430046512101192,0.02,300
2026-02-19T14:22:21.616110,outputs\train\act_vit_220ep_completion_v2\final,3,5,0.27,0.275,3,False,300,0.27808207398497053,0.28888397825195183,146.70728828580326,0.02,300
2026-02-19T14:22:21.616110,outputs\train\act_vit_220ep_completion_v2\final,3,5,0.27,0.275,4,False,300,0.25553891326552286,0.2721554330124487,-72.58062453905582,0.02,300
2026-02-19T14:22:21.616110,outputs\train\act_vit_220ep_completion_v2\final,3,5,0.27,0.275,5,False,300,0.26377000817701884,0.28034420862732595,-87.07961587801351,0.02,300
2026-02-19T14:22:21.616110,outputs\train\act_vit_220ep_completion_v2\final,3,5,0.27,0.275,6,False,300,0.2663702336573408,0.29226101882729466,-104.56213510914618,0.02,300
2026-02-19T14:22:21.616110,outputs\train\act_vit_220ep_completion_v2\final,3,5,0.27,0.275,7,False,300,0.2816987169216694,0.26033706810495855,-152.0658527963284,0.02,300
2026-02-19T14:22:21.616110,outputs\train\act_vit_220ep_completion_v2\final,3,5,0.27,0.275,8,False,300,0.280879781213133,0.2630989628313973,-31.298453723061552,0.02,300
2026-02-19T14:22:21.616110,outputs\train\act_vit_220ep_completion_v2\final,3,5,0.27,0.275,9,False,300,0.28208953435561834,0.2689072804520181,-160.7485293126202,0.02,300
2026-02-19T14:22:21.616110,outputs\train\act_vit_220ep_completion_v2\final,2,3,0.21999999999999997,0.12499999999999997,0,False,300,0.23937398703131424,0.14338650068350273,7.606841753768954,0.02,300
2026-02-19T14:22:21.616110,outputs\train\act_vit_220ep_completion_v2\final,2,3,0.21999999999999997,0.12499999999999997,1,False,300,0.20564867145085308,0.13032447269142033,66.18614890994147,0.02,300
2026-02-19T14:22:21.616110,outputs\train\act_vit_220ep_completion_v2\final,2,3,0.21999999999999997,0.12499999999999997,2,False,300,0.2181186284063983,0.12263188367072879,-37.449214094310044,0.02,300
2026-02-19T14:22:21.616110,outputs\train\act_vit_220ep_completion_v2\final,2,3,0.21999999999999997,0.12499999999999997,3,False,300,0.2050553966993204,0.11300102973156445,-104.82473081536698,0.02,300
2026-02-19T14:22:21.616110,outputs\train\act_vit_220ep_completion_v2\final,2,3,0.21999999999999997,0.12499999999999997,4,False,300,0.20757004739486962,0.1336409821510266,87.06269059043358,0.02,300
2026-02-19T14:22:21.616110,outputs\train\act_vit_220ep_completion_v2\final,2,3,0.21999999999999997,0.12499999999999997,5,False,300,0.22811004490374664,0.10866124577692399,-133.74707111886056,0.02,300
2026-02-19T14:22:21.616110,outputs\train\act_vit_220ep_completion_v2\final,2,3,0.21999999999999997,0.12499999999999997,6,False,300,0.23953619046174093,0.11262664147161185,55.32743096311077,0.02,300
2026-02-19T14:22:21.616110,outputs\train\act_vit_220ep_completion_v2\final,2,3,0.21999999999999997,0.12499999999999997,7,False,300,0.20829315390358835,0.11796919148408261,177.55498892466676,0.02,300
2026-02-19T14:22:21.616110,outputs\train\act_vit_220ep_completion_v2\final,2,3,0.21999999999999997,0.12499999999999997,8,False,300,0.2295790160251377,0.13450849980259305,81.36823189236175,0.02,300
2026-02-19T14:22:21.616110,outputs\train\act_vit_220ep_completion_v2\final,2,3,0.21999999999999997,0.12499999999999997,9,False,300,0.22669353015751822,0.13045504412606726,33.96927868014795,0.02,300
2026-02-19T14:22:21.616110,outputs\train\act_vit_220ep_completion_v2\final,0,4,0.12,0.19999999999999998,0,False,300,0.11353981553967896,0.21475323352769557,-176.92694493848856,0.02,300
2026-02-19T14:22:21.616110,outputs\train\act_vit_220ep_completion_v2\final,0,4,0.12,0.19999999999999998,1,False,300,0.1385669548429388,0.21126299028716095,40.496850356255116,0.02,300
2026-02-19T14:22:21.616110,outputs\train\act_vit_220ep_completion_v2\final,0,4,0.12,0.19999999999999998,2,False,300,0.12769468485814706,0.21562260826620397,-89.45772443641646,0.02,300
2026-02-19T14:22:21.616110,outputs\train\act_vit_220ep_completion_v2\final,0,4,0.12,0.19999999999999998,3,False,300,0.11155075485602181,0.2022523323587886,116.65308638957842,0.02,300
2026-02-19T14:22:21.616110,outputs\train\act_vit_220ep_completion_v2\final,0,4,0.12,0.19999999999999998,4,False,300,0.12590757843576109,0.19476797607137775,-165.0996520245856,0.02,300
2026-02-19T14:22:21.616110,outputs\train\act_vit_220ep_completion_v2\final,0,4,0.12,0.19999999999999998,5,False,300,0.12912443700459894,0.2051572202091615,-6.618341029781213,0.02,300
2026-02-19T14:22:21.616110,outputs\train\act_vit_220ep_completion_v2\final,0,4,0.12,0.19999999999999998,6,False,300,0.13645065551753519,0.2056491700920189,-135.25995678153365,0.02,300
2026-02-19T14:22:21.616110,outputs\train\act_vit_220ep_completion_v2\final,0,4,0.12,0.19999999999999998,7,False,300,0.1022056190699383,0.2170483422324199,-174.07638101954052,0.02,300
2026-02-19T14:22:21.616110,outputs\train\act_vit_220ep_completion_v2\final,0,4,0.12,0.19999999999999998,8,False,300,0.10176184280970071,0.19159079629173514,155.68712518436683,0.02,300
2026-02-19T14:22:21.616110,outputs\train\act_vit_220ep_completion_v2\final,0,4,0.12,0.19999999999999998,9,False,300,0.12276468613656566,0.18604977334500802,101.94000157166658,0.02,300
2026-02-19T14:22:21.616110,outputs\train\act_vit_220ep_completion_v2\final,4,4,0.31999999999999995,0.19999999999999998,0,False,300,0.31773251306311934,0.1942586895763618,-57.25216770031142,0.02,300
2026-02-19T14:22:21.616110,outputs\train\act_vit_220ep_completion_v2\final,4,4,0.31999999999999995,0.19999999999999998,1,False,300,0.31294650363051635,0.1933245337893371,133.39926122407002,0.02,300
2026-02-19T14:22:21.616110,outputs\train\act_vit_220ep_completion_v2\final,4,4,0.31999999999999995,0.19999999999999998,2,False,300,0.31083418399798024,0.20822596007483762,145.67010390135547,0.02,300
2026-02-19T14:22:21.616110,outputs\train\act_vit_220ep_completion_v2\final,4,4,0.31999999999999995,0.19999999999999998,3,False,300,0.3080636170624901,0.19751002508632864,-30.09538077297678,0.02,300
2026-02-19T14:22:21.616110,outputs\train\act_vit_220ep_completion_v2\final,4,4,0.31999999999999995,0.19999999999999998,4,False,300,0.32874847701947435,0.20488115930375833,0.17786852948717258,0.02,300
2026-02-19T14:22:21.616110,outputs\train\act_vit_220ep_completion_v2\final,4,4,0.31999999999999995,0.19999999999999998,5,False,300,0.32942199759004115,0.21782305468980934,-77.71999321516195,0.02,300
2026-02-19T14:22:21.616110,outputs\train\act_vit_220ep_completion_v2\final,4,4,0.31999999999999995,0.19999999999999998,6,False,300,0.323658997822298,0.20361729071497164,-58.641294148475104,0.02,300
2026-02-19T14:22:21.616110,outputs\train\act_vit_220ep_completion_v2\final,4,4,0.31999999999999995,0.19999999999999998,7,False,300,0.31786472687356615,0.2136997863018252,-132.4637922814307,0.02,300
2026-02-19T14:22:21.616110,outputs\train\act_vit_220ep_completion_v2\final,4,4,0.31999999999999995,0.19999999999999998,8,False,300,0.3095183721871089,0.20764807302188779,76.2572645492073,0.02,300
2026-02-19T14:22:21.616110,outputs\train\act_vit_220ep_completion_v2\final,4,4,0.31999999999999995,0.19999999999999998,9,False,300,0.3211202595300458,0.21030421774308047,-52.80389147142564,0.02,300
2026-02-19T14:22:21.616110,outputs\train\act_vit_220ep_completion_v2\final,0,5,0.12,0.275,0,False,300,0.1133034035951047,0.29251441003081474,-95.59043494431972,0.02,300
2026-02-19T14:22:21.616110,outputs\train\act_vit_220ep_completion_v2\final,0,5,0.12,0.275,1,False,300,0.12160424915236268,0.26247441028888036,83.475974918925,0.02,300
2026-02-19T14:22:21.616110,outputs\train\act_vit_220ep_completion_v2\final,0,5,0.12,0.275,2,False,300,0.13103448736907314,0.276439843774029,-55.50749406953458,0.02,300
2026-02-19T14:22:21.616110,outputs\train\act_vit_220ep_completion_v2\final,0,5,0.12,0.275,3,False,300,0.1209313675465109,0.2616932677422419,61.658816265993636,0.02,300
2026-02-19T14:22:21.616110,outputs\train\act_vit_220ep_completion_v2\final,0,5,0.12,0.275,4,False,300,0.13367702499317358,0.26966027219832917,-78.58162682839648,0.02,300
2026-02-19T14:22:21.616110,outputs\train\act_vit_220ep_completion_v2\final,0,5,0.12,0.275,5,False,300,0.11623402878076401,0.28109575240596973,65.14220952172936,0.02,300
2026-02-19T14:22:21.616110,outputs\train\act_vit_220ep_completion_v2\final,0,5,0.12,0.275,6,False,300,0.11399834387751491,0.2731582002263369,-165.76952425260873,0.02,300
2026-02-19T14:22:21.616110,outputs\train\act_vit_220ep_completion_v2\final,0,5,0.12,0.275,7,False,300,0.1256578330253293,0.27485229240545034,-114.28934910257063,0.02,300
2026-02-19T14:22:21.616110,outputs\train\act_vit_220ep_completion_v2\final,0,5,0.12,0.275,8,False,300,0.11112731139561977,0.28560121949203054,102.13140164331719,0.02,300
2026-02-19T14:22:21.616110,outputs\train\act_vit_220ep_completion_v2\final,0,5,0.12,0.275,9,False,300,0.11079289773884551,0.2632250753553057,-64.18225305705285,0.02,300
2026-02-19T14:22:21.616110,outputs\train\act_vit_220ep_completion_v2\final,1,3,0.16999999999999998,0.12499999999999997,0,False,300,0.17528230164684386,0.11055334409983014,-11.551527242057158,0.02,300
2026-02-19T14:22:21.616110,outputs\train\act_vit_220ep_completion_v2\final,1,3,0.16999999999999998,0.12499999999999997,1,False,300,0.17160334685137435,0.1396054485094919,159.74943775199003,0.02,300
2026-02-19T14:22:21.616110,outputs\train\act_vit_220ep_completion_v2\final,1,3,0.16999999999999998,0.12499999999999997,2,False,300,0.18319358313253759,0.10660591077579967,-106.69182682427504,0.02,300
2026-02-19T14:22:21.616110,outputs\train\act_vit_220ep_completion_v2\final,1,3,0.16999999999999998,0.12499999999999997,3,False,300,0.16936476953585353,0.11089135672330483,-153.40623483917145,0.02,300
2026-02-19T14:22:21.616110,outputs\train\act_vit_220ep_completion_v2\final,1,3,0.16999999999999998,0.12499999999999997,4,False,300,0.16771188822777752,0.12364587580913744,-36.08549021644949,0.02,300
2026-02-19T14:22:21.616110,outputs\train\act_vit_220ep_completion_v2\final,1,3,0.16999999999999998,0.12499999999999997,5,False,300,0.16773391247073868,0.12657482198948794,-86.76278338689548,0.02,300
2026-02-19T14:22:21.616110,outputs\train\act_vit_220ep_completion_v2\final,1,3,0.16999999999999998,0.12499999999999997,6,False,300,0.1854975172256439,0.12669347404993794,109.53748942198258,0.02,300
2026-02-19T14:22:21.616110,outputs\train\act_vit_220ep_completion_v2\final,1,3,0.16999999999999998,0.12499999999999997,7,False,300,0.16096337239561873,0.11735669080554215,146.64737106441996,0.02,300
2026-02-19T14:22:21.616110,outputs\train\act_vit_220ep_completion_v2\final,1,3,0.16999999999999998,0.12499999999999997,8,False,300,0.16759735983181476,0.13962154028893556,59.09277514371023,0.02,300
2026-02-19T14:22:21.616110,outputs\train\act_vit_220ep_completion_v2\final,1,3,0.16999999999999998,0.12499999999999997,9,False,300,0.1845496157103287,0.12626792650874832,74.85911084973334,0.02,300
2026-02-19T14:22:21.616110,outputs\train\act_vit_220ep_completion_v2\final,3,3,0.27,0.12499999999999997,0,False,300,0.26784753745509976,0.10539488060202724,-118.60190275574126,0.02,300
2026-02-19T14:22:21.616110,outputs\train\act_vit_220ep_completion_v2\final,3,3,0.27,0.12499999999999997,1,False,300,0.25541157377138746,0.12404010963484713,-30.208252486714876,0.02,300
2026-02-19T14:22:21.616110,outputs\train\act_vit_220ep_completion_v2\final,3,3,0.27,0.12499999999999997,2,False,300,0.25143072177248543,0.11461471656524064,97.94889675867641,0.02,300
2026-02-19T14:22:21.616110,outputs\train\act_vit_220ep_completion_v2\final,3,3,0.27,0.12499999999999997,3,False,300,0.2588441320456122,0.11054508190868334,-29.40877685238822,0.02,300
2026-02-19T14:22:21.616110,outputs\train\act_vit_220ep_completion_v2\final,3,3,0.27,0.12499999999999997,4,False,300,0.28353021589715727,0.10996478985336842,-16.167111251432786,0.02,300
2026-02-19T14:22:21.616110,outputs\train\act_vit_220ep_completion_v2\final,3,3,0.27,0.12499999999999997,5,False,300,0.25423033472135936,0.13708320229077697,171.42097297587662,0.02,300
2026-02-19T14:22:21.616110,outputs\train\act_vit_220ep_completion_v2\final,3,3,0.27,0.12499999999999997,6,True,107,0.2721782198373592,0.12846282248572785,132.76450090484835,0.02,300
2026-02-19T14:22:21.616110,outputs\train\act_vit_220ep_completion_v2\final,3,3,0.27,0.12499999999999997,7,False,300,0.26096739936162927,0.1337230592658067,76.9153511008666,0.02,300
2026-02-19T14:22:21.616110,outputs\train\act_vit_220ep_completion_v2\final,3,3,0.27,0.12499999999999997,8,False,300,0.26979330979419425,0.14120035532983002,-18.715272195002722,0.02,300
2026-02-19T14:22:21.616110,outputs\train\act_vit_220ep_completion_v2\final,3,3,0.27,0.12499999999999997,9,False,300,0.2608066636725412,0.11763822191100752,151.28928089518718,0.02,300
2026-02-19T14:22:21.616110,outputs\train\act_vit_220ep_completion_v2\final,4,5,0.31999999999999995,0.275,0,False,300,0.32515151359027245,0.25570454803341974,151.13440642598704,0.02,300
2026-02-19T14:22:21.616110,outputs\train\act_vit_220ep_completion_v2\final,4,5,0.31999999999999995,0.275,1,False,300,0.31795325735168994,0.26366185888330523,7.154848900272539,0.02,300
2026-02-19T14:22:21.616110,outputs\train\act_vit_220ep_completion_v2\final,4,5,0.31999999999999995,0.275,2,False,300,0.3168826380809722,0.2575101305483792,-168.93778034251235,0.02,300
2026-02-19T14:22:21.616110,outputs\train\act_vit_220ep_completion_v2\final,4,5,0.31999999999999995,0.275,3,False,300,0.31722054516333265,0.2746406762583934,48.54670610004248,0.02,300
2026-02-19T14:22:21.616110,outputs\train\act_vit_220ep_completion_v2\final,4,5,0.31999999999999995,0.275,4,False,300,0.3133013152388843,0.2824199767178129,111.22052787824755,0.02,300
2026-02-19T14:22:21.616110,outputs\train\act_vit_220ep_completion_v2\final,4,5,0.31999999999999995,0.275,5,False,300,0.31200834240485936,0.29190325386766075,142.09775469694705,0.02,300
2026-02-19T14:22:21.616110,outputs\train\act_vit_220ep_completion_v2\final,4,5,0.31999999999999995,0.275,6,False,300,0.3387209335178922,0.26468129023466264,103.99870317150123,0.02,300
2026-02-19T14:22:21.616110,outputs\train\act_vit_220ep_completion_v2\final,4,5,0.31999999999999995,0.275,7,False,300,0.3126270082502234,0.2640402895666094,-39.79129155331009,0.02,300
2026-02-19T14:22:21.616110,outputs\train\act_vit_220ep_completion_v2\final,4,5,0.31999999999999995,0.275,8,False,300,0.3309460049481426,0.255238604210672,-30.563206357911774,0.02,300
2026-02-19T14:22:21.616110,outputs\train\act_vit_220ep_completion_v2\final,4,5,0.31999999999999995,0.275,9,False,300,0.3122112634821616,0.265176948566059,-59.353232926716416,0.02,300
2026-02-19T14:22:21.616110,outputs\train\act_vit_220ep_completion_v2\final,2,6,0.21999999999999997,0.35,0,False,300,0.23894552110543182,0.35072251503259083,65.67251536690287,0.02,300
2026-02-19T14:22:21.616110,outputs\train\act_vit_220ep_completion_v2\final,2,6,0.21999999999999997,0.35,1,False,300,0.21391950829165368,0.3514102462145015,119.16842867749973,0.02,300
2026-02-19T14:22:21.616110,outputs\train\act_vit_220ep_completion_v2\final,2,6,0.21999999999999997,0.35,2,False,300,0.23463884840178467,0.3421218569065084,65.98582607724794,0.02,300
2026-02-19T14:22:21.616110,outputs\train\act_vit_220ep_completion_v2\final,2,6,0.21999999999999997,0.35,3,False,300,0.20181090552686698,0.3652460423093993,-68.1266093285932,0.02,300
2026-02-19T14:22:21.616110,outputs\train\act_vit_220ep_completion_v2\final,2,6,0.21999999999999997,0.35,4,False,300,0.21722002000002555,0.3568802307812556,-74.12116741061841,0.02,300
2026-02-19T14:22:21.616110,outputs\train\act_vit_220ep_completion_v2\final,2,6,0.21999999999999997,0.35,5,False,300,0.22651953471486863,0.3665919095022448,116.15530891649334,0.02,300
2026-02-19T14:22:21.616110,outputs\train\act_vit_220ep_completion_v2\final,2,6,0.21999999999999997,0.35,6,False,300,0.20062011090901832,0.36677438265519785,-70.40717491719067,0.02,300
2026-02-19T14:22:21.616110,outputs\train\act_vit_220ep_completion_v2\final,2,6,0.21999999999999997,0.35,7,False,300,0.23540302802382818,0.3614016639103937,-178.31907900269056,0.02,300
2026-02-19T14:22:21.616110,outputs\train\act_vit_220ep_completion_v2\final,2,6,0.21999999999999997,0.35,8,False,300,0.2111722986209635,0.36025350016831703,-154.47592750396132,0.02,300
2026-02-19T14:22:21.616110,outputs\train\act_vit_220ep_completion_v2\final,2,6,0.21999999999999997,0.35,9,False,300,0.22860956055045334,0.35079883390660566,128.46584338698204,0.02,300
2026-02-19T14:22:21.616110,outputs\train\act_vit_220ep_completion_v2\final,1,6,0.16999999999999998,0.35,0,False,300,0.18225775753932855,0.3327798377544032,-0.11762234958352229,0.02,300
2026-02-19T14:22:21.616110,outputs\train\act_vit_220ep_completion_v2\final,1,6,0.16999999999999998,0.35,1,False,300,0.17555228794752342,0.35404229158280714,46.34260228191393,0.02,300
2026-02-19T14:22:21.616110,outputs\train\act_vit_220ep_completion_v2\final,1,6,0.16999999999999998,0.35,2,False,300,0.15144837219418658,0.354369326788933,178.64669729943734,0.02,300
2026-02-19T14:22:21.616110,outputs\train\act_vit_220ep_completion_v2\final,1,6,0.16999999999999998,0.35,3,False,300,0.18362400967146572,0.33172287068072265,-174.21698441394128,0.02,300
2026-02-19T14:22:21.616110,outputs\train\act_vit_220ep_completion_v2\final,1,6,0.16999999999999998,0.35,4,False,300,0.16102510187650343,0.34309858715177755,-117.07379514417806,0.02,300
2026-02-19T14:22:21.616110,outputs\train\act_vit_220ep_completion_v2\final,1,6,0.16999999999999998,0.35,5,False,300,0.162329192645775,0.3658351053333568,-155.23805744668482,0.02,300
2026-02-19T14:22:21.616110,outputs\train\act_vit_220ep_completion_v2\final,1,6,0.16999999999999998,0.35,6,False,300,0.17247251403337338,0.33312567730793446,-34.071676174557574,0.02,300
2026-02-19T14:22:21.616110,outputs\train\act_vit_220ep_completion_v2\final,1,6,0.16999999999999998,0.35,7,False,300,0.16698547317700535,0.3666375651638832,-111.12338185998333,0.02,300
2026-02-19T14:22:21.616110,outputs\train\act_vit_220ep_completion_v2\final,1,6,0.16999999999999998,0.35,8,False,300,0.18948422607303003,0.3519954479385056,141.3290850835638,0.02,300
2026-02-19T14:22:21.616110,outputs\train\act_vit_220ep_completion_v2\final,1,6,0.16999999999999998,0.35,9,False,300,0.15731190683057933,0.33930195316428113,-65.77658863867853,0.02,300
2026-02-19T14:22:21.616110,outputs\train\act_vit_220ep_completion_v2\final,3,6,0.27,0.35,0,False,300,0.2647134114637653,0.34192123881322706,21.065220175833065,0.02,300
2026-02-19T14:22:21.616110,outputs\train\act_vit_220ep_completion_v2\final,3,6,0.27,0.35,1,False,300,0.25715834655648984,0.3379393103431585,-89.26113581919564,0.02,300
2026-02-19T14:22:21.616110,outputs\train\act_vit_220ep_completion_v2\final,3,6,0.27,0.35,2,False,300,0.2540347673534532,0.3366101531328393,145.18581179952878,0.02,300
2026-02-19T14:22:21.616110,outputs\train\act_vit_220ep_completion_v2\final,3,6,0.27,0.35,3,False,300,0.2806692974579643,0.3664630952087903,88.86779719419249,0.02,300
2026-02-19T14:22:21.616110,outputs\train\act_vit_220ep_completion_v2\final,3,6,0.27,0.35,4,False,300,0.25455159419474516,0.35702550174183617,-26.76782058211954,0.02,300
2026-02-19T14:22:21.616110,outputs\train\act_vit_220ep_completion_v2\final,3,6,0.27,0.35,5,False,300,0.2656683224829464,0.36425216240545183,-172.58851999112844,0.02,300
2026-02-19T14:22:21.616110,outputs\train\act_vit_220ep_completion_v2\final,3,6,0.27,0.35,6,False,300,0.2543207046883283,0.353772310959,-166.11945426634153,0.02,300
2026-02-19T14:22:21.616110,outputs\train\act_vit_220ep_completion_v2\final,3,6,0.27,0.35,7,False,300,0.26396135637371776,0.33080615314616574,160.21216736656484,0.02,300
2026-02-19T14:22:21.616110,outputs\train\act_vit_220ep_completion_v2\final,3,6,0.27,0.35,8,False,300,0.26618490075284756,0.36932195619990904,158.89780160080028,0.02,300
2026-02-19T14:22:21.616110,outputs\train\act_vit_220ep_completion_v2\final,3,6,0.27,0.35,9,False,300,0.2537357763466572,0.3537075482232501,79.44668669673655,0.02,300
2026-02-19T14:22:21.616110,outputs\train\act_vit_220ep_completion_v2\final,0,3,0.12,0.12499999999999997,0,False,300,0.12545479556495204,0.13780880141311846,-102.16676161090639,0.02,300
2026-02-19T14:22:21.616110,outputs\train\act_vit_220ep_completion_v2\final,0,3,0.12,0.12499999999999997,1,False,300,0.13489154026661485,0.12652352385826557,149.80287063756728,0.02,300
2026-02-19T14:22:21.616110,outputs\train\act_vit_220ep_completion_v2\final,0,3,0.12,0.12499999999999997,2,False,300,0.11908693036812076,0.12069925303201562,6.989640193834248,0.02,300
2026-02-19T14:22:21.616110,outputs\train\act_vit_220ep_completion_v2\final,0,3,0.12,0.12499999999999997,3,False,300,0.1006959036001842,0.1433463197943975,-51.42158729798349,0.02,300
2026-02-19T14:22:21.616110,outputs\train\act_vit_220ep_completion_v2\final,0,3,0.12,0.12499999999999997,4,False,300,0.1098359316822317,0.1383652537983757,25.15430500010342,0.02,300
2026-02-19T14:22:21.616110,outputs\train\act_vit_220ep_completion_v2\final,0,3,0.12,0.12499999999999997,5,False,300,0.12432555228086498,0.13881360249736646,-107.9157850104537,0.02,300
2026-02-19T14:22:21.616110,outputs\train\act_vit_220ep_completion_v2\final,0,3,0.12,0.12499999999999997,6,False,300,0.13335779400825262,0.12009745542076952,-18.41612217198624,0.02,300
2026-02-19T14:22:21.616110,outputs\train\act_vit_220ep_completion_v2\final,0,3,0.12,0.12499999999999997,7,False,300,0.10076521247594777,0.10557635684573324,-136.1404078743218,0.02,300
2026-02-19T14:22:21.616110,outputs\train\act_vit_220ep_completion_v2\final,0,3,0.12,0.12499999999999997,8,False,300,0.13762722922504536,0.12406951793308588,57.00380144705944,0.02,300
2026-02-19T14:22:21.616110,outputs\train\act_vit_220ep_completion_v2\final,0,3,0.12,0.12499999999999997,9,False,300,0.10896105614672265,0.1245028528660522,64.02563610689502,0.02,300
2026-02-19T14:22:21.616110,outputs\train\act_vit_220ep_completion_v2\final,4,3,0.31999999999999995,0.12499999999999997,0,False,300,0.328263226387723,0.13879480443018316,-137.62810583317415,0.02,300
2026-02-19T14:22:21.616110,outputs\train\act_vit_220ep_completion_v2\final,4,3,0.31999999999999995,0.12499999999999997,1,False,300,0.33824681624835584,0.13793018660623155,38.30147200826799,0.02,300
2026-02-19T14:22:21.616110,outputs\train\act_vit_220ep_completion_v2\final,4,3,0.31999999999999995,0.12499999999999997,2,False,300,0.31351874865734375,0.13881138041709537,-109.97839959142713,0.02,300
2026-02-19T14:22:21.616110,outputs\train\act_vit_220ep_completion_v2\final,4,3,0.31999999999999995,0.12499999999999997,3,True,109,0.3119185611321493,0.11502916571937433,-35.03420187913926,0.02,300
2026-02-19T14:22:21.616110,outputs\train\act_vit_220ep_completion_v2\final,4,3,0.31999999999999995,0.12499999999999997,4,False,300,0.30692100742639156,0.10546602917104171,60.089613417118755,0.02,300
2026-02-19T14:22:21.616110,outputs\train\act_vit_220ep_completion_v2\final,4,3,0.31999999999999995,0.12499999999999997,5,False,300,0.328244348059893,0.11917849183645424,-128.59643032189464,0.02,300
2026-02-19T14:22:21.616110,outputs\train\act_vit_220ep_completion_v2\final,4,3,0.31999999999999995,0.12499999999999997,6,False,300,0.3030547966530289,0.13461979133428623,-106.52865726046382,0.02,300
2026-02-19T14:22:21.616110,outputs\train\act_vit_220ep_completion_v2\final,4,3,0.31999999999999995,0.12499999999999997,7,True,109,0.32333229078199427,0.12922330773891158,153.02921876379048,0.02,300
2026-02-19T14:22:21.616110,outputs\train\act_vit_220ep_completion_v2\final,4,3,0.31999999999999995,0.12499999999999997,8,False,300,0.3034484736254768,0.12593263066787946,-146.65451706586006,0.02,300
2026-02-19T14:22:21.616110,outputs\train\act_vit_220ep_completion_v2\final,4,3,0.31999999999999995,0.12499999999999997,9,False,300,0.3079689799732655,0.13919050097877492,-155.2440406023447,0.02,300
2026-02-19T14:22:21.616110,outputs\train\act_vit_220ep_completion_v2\final,5,4,0.37,0.19999999999999998,0,False,300,0.37050675426718827,0.21932456502360412,13.6183258206479,0.02,300
2026-02-19T14:22:21.616110,outputs\train\act_vit_220ep_completion_v2\final,5,4,0.37,0.19999999999999998,1,False,300,0.3814928533134978,0.20835101228397263,56.107467406609494,0.02,300
2026-02-19T14:22:21.616110,outputs\train\act_vit_220ep_completion_v2\final,5,4,0.37,0.19999999999999998,2,False,300,0.38403668239150934,0.2015263250389918,-53.289795104883446,0.02,300
2026-02-19T14:22:21.616110,outputs\train\act_vit_220ep_completion_v2\final,5,4,0.37,0.19999999999999998,3,False,300,0.36215579523751523,0.21741913985232228,43.861525197380715,0.02,300
2026-02-19T14:22:21.616110,outputs\train\act_vit_220ep_completion_v2\final,5,4,0.37,0.19999999999999998,4,False,300,0.37415035126438473,0.21740471703557143,-51.02280407308709,0.02,300
2026-02-19T14:22:21.616110,outputs\train\act_vit_220ep_completion_v2\final,5,4,0.37,0.19999999999999998,5,False,300,0.388205845366229,0.20008127474586798,-109.57812872369378,0.02,300
2026-02-19T14:22:21.616110,outputs\train\act_vit_220ep_completion_v2\final,5,4,0.37,0.19999999999999998,6,False,300,0.37439735303476374,0.1844516774617147,157.31707616575014,0.02,300
2026-02-19T14:22:21.616110,outputs\train\act_vit_220ep_completion_v2\final,5,4,0.37,0.19999999999999998,7,False,300,0.362455064273034,0.20860168526462688,57.834354696056685,0.02,300
2026-02-19T14:22:21.616110,outputs\train\act_vit_220ep_completion_v2\final,5,4,0.37,0.19999999999999998,8,False,300,0.36598083256606595,0.19213036536091121,160.9645012814865,0.02,300
2026-02-19T14:22:21.616110,outputs\train\act_vit_220ep_completion_v2\final,5,4,0.37,0.19999999999999998,9,False,300,0.38928957562145783,0.1970202625224055,14.642221362042854,0.02,300
2026-02-19T14:22:21.616110,outputs\train\act_vit_220ep_completion_v2\final,0,6,0.12,0.35,0,False,300,0.13093710709622186,0.33596703911343445,-49.45867237528524,0.02,300
2026-02-19T14:22:21.616110,outputs\train\act_vit_220ep_completion_v2\final,0,6,0.12,0.35,1,False,300,0.12170411396216596,0.35863215528962156,-173.38633708633222,0.02,300
2026-02-19T14:22:21.616110,outputs\train\act_vit_220ep_completion_v2\final,0,6,0.12,0.35,2,False,300,0.1192809825750788,0.3440987480470379,-37.11430836096443,0.02,300
2026-02-19T14:22:21.616110,outputs\train\act_vit_220ep_completion_v2\final,0,6,0.12,0.35,3,False,300,0.12651839790879213,0.3350250185424257,-136.16899237412886,0.02,300
2026-02-19T14:22:21.616110,outputs\train\act_vit_220ep_completion_v2\final,0,6,0.12,0.35,4,False,300,0.1037754229208961,0.33422648579802344,146.96987358747396,0.02,300
2026-02-19T14:22:21.616110,outputs\train\act_vit_220ep_completion_v2\final,0,6,0.12,0.35,5,False,300,0.13900068861322148,0.3320111131553882,37.5659949426922,0.02,300
2026-02-19T14:22:21.616110,outputs\train\act_vit_220ep_completion_v2\final,0,6,0.12,0.35,6,False,300,0.10964428505235305,0.34425149633595853,-26.508785312680924,0.02,300
2026-02-19T14:22:21.616110,outputs\train\act_vit_220ep_completion_v2\final,0,6,0.12,0.35,7,False,300,0.12837050160747857,0.3564038464384165,-84.91106991523232,0.02,300
2026-02-19T14:22:21.616110,outputs\train\act_vit_220ep_completion_v2\final,0,6,0.12,0.35,8,False,300,0.10779675650580664,0.35688437609941315,112.23815150458282,0.02,300
2026-02-19T14:22:21.616110,outputs\train\act_vit_220ep_completion_v2\final,0,6,0.12,0.35,9,False,300,0.10423052169270444,0.3346616150742418,-21.704750804156028,0.02,300
2026-02-19T14:22:21.616110,outputs\train\act_vit_220ep_completion_v2\final,5,5,0.37,0.275,0,False,300,0.35926411866458874,0.25605539326636945,3.240751037354235,0.02,300
2026-02-19T14:22:21.616110,outputs\train\act_vit_220ep_completion_v2\final,5,5,0.37,0.275,1,False,300,0.36190370069392797,0.2696290117095598,-170.21853512867673,0.02,300
2026-02-19T14:22:21.616110,outputs\train\act_vit_220ep_completion_v2\final,5,5,0.37,0.275,2,False,300,0.3768647434590204,0.2714474438662638,108.73443072740778,0.02,300
2026-02-19T14:22:21.616110,outputs\train\act_vit_220ep_completion_v2\final,5,5,0.37,0.275,3,False,300,0.36872821213849155,0.25657905191647146,-61.57199914188762,0.02,300
2026-02-19T14:22:21.616110,outputs\train\act_vit_220ep_completion_v2\final,5,5,0.37,0.275,4,False,300,0.38339662060939905,0.26384822246367573,22.772988251392814,0.02,300
2026-02-19T14:22:21.616110,outputs\train\act_vit_220ep_completion_v2\final,5,5,0.37,0.275,5,False,300,0.3605048785340733,0.2667475755756352,33.820689082864476,0.02,300
2026-02-19T14:22:21.616110,outputs\train\act_vit_220ep_completion_v2\final,5,5,0.37,0.275,6,False,300,0.37858047173321485,0.28069090368201566,-102.34780373124607,0.02,300
2026-02-19T14:22:21.616110,outputs\train\act_vit_220ep_completion_v2\final,5,5,0.37,0.275,7,False,300,0.35709110755800777,0.25552442438327294,-13.020729813204639,0.02,300
2026-02-19T14:22:21.616110,outputs\train\act_vit_220ep_completion_v2\final,5,5,0.37,0.275,8,False,300,0.36602256639466707,0.2933362737526005,-120.8405921088438,0.02,300
2026-02-19T14:22:21.616110,outputs\train\act_vit_220ep_completion_v2\final,5,5,0.37,0.275,9,False,300,0.3573308733782328,0.266533224796811,-176.63179794513314,0.02,300
2026-02-19T14:22:21.616110,outputs\train\act_vit_220ep_completion_v2\final,4,6,0.31999999999999995,0.35,0,False,300,0.3051652956298303,0.3562247078228773,62.674812697003915,0.02,300
2026-02-19T14:22:21.616110,outputs\train\act_vit_220ep_completion_v2\final,4,6,0.31999999999999995,0.35,1,False,300,0.31904493162544284,0.3612545982751594,16.070619182381858,0.02,300
2026-02-19T14:22:21.616110,outputs\train\act_vit_220ep_completion_v2\final,4,6,0.31999999999999995,0.35,2,False,300,0.3024266346100018,0.34569135062664813,48.42538580003984,0.02,300
2026-02-19T14:22:21.616110,outputs\train\act_vit_220ep_completion_v2\final,4,6,0.31999999999999995,0.35,3,False,300,0.3217797659027266,0.3557744567148196,-163.3006876414547,0.02,300
2026-02-19T14:22:21.616110,outputs\train\act_vit_220ep_completion_v2\final,4,6,0.31999999999999995,0.35,4,False,300,0.31712956016561966,0.3573685386461818,-20.83426818041346,0.02,300
2026-02-19T14:22:21.616110,outputs\train\act_vit_220ep_completion_v2\final,4,6,0.31999999999999995,0.35,5,False,300,0.32188133074475395,0.3388173490184362,80.6447878808198,0.02,300
2026-02-19T14:22:21.616110,outputs\train\act_vit_220ep_completion_v2\final,4,6,0.31999999999999995,0.35,6,False,300,0.30663930574847087,0.34090736135460237,-106.6950763802294,0.02,300
2026-02-19T14:22:21.616110,outputs\train\act_vit_220ep_completion_v2\final,4,6,0.31999999999999995,0.35,7,False,300,0.3192619479505108,0.34081474784153143,-35.548926232170245,0.02,300
2026-02-19T14:22:21.616110,outputs\train\act_vit_220ep_completion_v2\final,4,6,0.31999999999999995,0.35,8,False,300,0.31748790381662023,0.35981923847849373,77.97442285713136,0.02,300
2026-02-19T14:22:21.616110,outputs\train\act_vit_220ep_completion_v2\final,4,6,0.31999999999999995,0.35,9,False,300,0.32899739233145525,0.36241568533706753,-178.46418577358065,0.02,300
2026-02-19T14:22:21.616110,outputs\train\act_vit_220ep_completion_v2\final,2,2,0.21999999999999997,0.04999999999999999,0,False,300,0.23021509595674622,0.04589314605373637,-82.52379719937298,0.02,300
2026-02-19T14:22:21.616110,outputs\train\act_vit_220ep_completion_v2\final,2,2,0.21999999999999997,0.04999999999999999,1,False,300,0.23251268893458912,0.03674361760827466,73.40045417254008,0.02,300
2026-02-19T14:22:21.616110,outputs\train\act_vit_220ep_completion_v2\final,2,2,0.21999999999999997,0.04999999999999999,2,False,300,0.23288970512899773,0.05577534540234562,-167.19021860944602,0.02,300
2026-02-19T14:22:21.616110,outputs\train\act_vit_220ep_completion_v2\final,2,2,0.21999999999999997,0.04999999999999999,3,False,300,0.2322258144139586,0.047661958873808544,33.19392363377744,0.02,300
2026-02-19T14:22:21.616110,outputs\train\act_vit_220ep_completion_v2\final,2,2,0.21999999999999997,0.04999999999999999,4,False,300,0.21837325589387094,0.05015004555340742,-132.70561440799153,0.02,300
2026-02-19T14:22:21.616110,outputs\train\act_vit_220ep_completion_v2\final,2,2,0.21999999999999997,0.04999999999999999,5,False,300,0.20134967576781157,0.06288722662812009,-23.6740396920907,0.02,300
2026-02-19T14:22:21.616110,outputs\train\act_vit_220ep_completion_v2\final,2,2,0.21999999999999997,0.04999999999999999,6,False,300,0.20904467638012006,0.045321805945937536,-36.09960110085184,0.02,300
2026-02-19T14:22:21.616110,outputs\train\act_vit_220ep_completion_v2\final,2,2,0.21999999999999997,0.04999999999999999,7,False,300,0.22079891226900683,0.037625232187190535,166.41386591264308,0.02,300
2026-02-19T14:22:21.616110,outputs\train\act_vit_220ep_completion_v2\final,2,2,0.21999999999999997,0.04999999999999999,8,False,300,0.23772492832353698,0.03203450478169735,85.05601421948043,0.02,300
2026-02-19T14:22:21.616110,outputs\train\act_vit_220ep_completion_v2\final,2,2,0.21999999999999997,0.04999999999999999,9,False,300,0.21330008330298048,0.050825217743090706,98.46267502074582,0.02,300
2026-02-19T14:22:21.616110,outputs\train\act_vit_220ep_completion_v2\final,1,2,0.16999999999999998,0.04999999999999999,0,False,300,0.18415451512666425,0.04043155024645562,38.01911771280194,0.02,300
2026-02-19T14:22:21.616110,outputs\train\act_vit_220ep_completion_v2\final,1,2,0.16999999999999998,0.04999999999999999,1,False,300,0.1546547517447783,0.03812792731102345,102.84109110943864,0.02,300
2026-02-19T14:22:21.616110,outputs\train\act_vit_220ep_completion_v2\final,1,2,0.16999999999999998,0.04999999999999999,2,False,300,0.15194688530029113,0.05790696256446945,43.663647235982886,0.02,300
2026-02-19T14:22:21.616110,outputs\train\act_vit_220ep_completion_v2\final,1,2,0.16999999999999998,0.04999999999999999,3,False,300,0.17385993213513543,0.04283423547793333,30.833360725897556,0.02,300
2026-02-19T14:22:21.616110,outputs\train\act_vit_220ep_completion_v2\final,1,2,0.16999999999999998,0.04999999999999999,4,False,300,0.16217637963608,0.043217622999317085,-119.67147987869765,0.02,300
2026-02-19T14:22:21.616110,outputs\train\act_vit_220ep_completion_v2\final,1,2,0.16999999999999998,0.04999999999999999,5,False,300,0.15747572297586682,0.03765507398748352,-126.73829486567091,0.02,300
2026-02-19T14:22:21.616110,outputs\train\act_vit_220ep_completion_v2\final,1,2,0.16999999999999998,0.04999999999999999,6,False,300,0.18074851308992357,0.05642002170269792,143.3933106032399,0.02,300
2026-02-19T14:22:21.616110,outputs\train\act_vit_220ep_completion_v2\final,1,2,0.16999999999999998,0.04999999999999999,7,False,300,0.18643772791219945,0.04687872319478533,139.83091276731975,0.02,300
2026-02-19T14:22:21.616110,outputs\train\act_vit_220ep_completion_v2\final,1,2,0.16999999999999998,0.04999999999999999,8,False,300,0.1501976890868646,0.04284289508790253,158.4725722978345,0.02,300
2026-02-19T14:22:21.616110,outputs\train\act_vit_220ep_completion_v2\final,1,2,0.16999999999999998,0.04999999999999999,9,False,300,0.1509045794237849,0.03415598581657589,-106.55054006678968,0.02,300
2026-02-19T14:22:21.616110,outputs\train\act_vit_220ep_completion_v2\final,5,3,0.37,0.12499999999999997,0,False,300,0.38490788291009226,0.13213186442288227,101.80847399692296,0.02,300
2026-02-19T14:22:21.616110,outputs\train\act_vit_220ep_completion_v2\final,5,3,0.37,0.12499999999999997,1,True,107,0.358635511889811,0.10702233896824527,-27.19484934150239,0.02,300
2026-02-19T14:22:21.616110,outputs\train\act_vit_220ep_completion_v2\final,5,3,0.37,0.12499999999999997,2,False,300,0.3520396739207819,0.10631920130341538,90.63482355003055,0.02,300
2026-02-19T14:22:21.616110,outputs\train\act_vit_220ep_completion_v2\final,5,3,0.37,0.12499999999999997,3,False,300,0.3735602523000055,0.11778631386736366,60.30023348421568,0.02,300
2026-02-19T14:22:21.616110,outputs\train\act_vit_220ep_completion_v2\final,5,3,0.37,0.12499999999999997,4,False,300,0.36072275129038567,0.11203863230654887,-115.674716787312,0.02,300
2026-02-19T14:22:21.616110,outputs\train\act_vit_220ep_completion_v2\final,5,3,0.37,0.12499999999999997,5,False,300,0.37629353673194943,0.1386159339871841,-96.69004568849105,0.02,300
2026-02-19T14:22:21.616110,outputs\train\act_vit_220ep_completion_v2\final,5,3,0.37,0.12499999999999997,6,False,300,0.36341797328723474,0.13787217061346044,80.43380824555682,0.02,300
2026-02-19T14:22:21.616110,outputs\train\act_vit_220ep_completion_v2\final,5,3,0.37,0.12499999999999997,7,False,300,0.38159620584865245,0.14280930863646898,41.76757983853891,0.02,300
2026-02-19T14:22:21.616110,outputs\train\act_vit_220ep_completion_v2\final,5,3,0.37,0.12499999999999997,8,False,300,0.37209411098869055,0.10537992641908564,-117.1726419784995,0.02,300
2026-02-19T14:22:21.616110,outputs\train\act_vit_220ep_completion_v2\final,5,3,0.37,0.12499999999999997,9,False,300,0.38992707172743324,0.11444072875700051,7.482488681193603,0.02,300
2026-02-19T14:22:21.616110,outputs\train\act_vit_220ep_completion_v2\final,3,2,0.27,0.04999999999999999,0,False,300,0.2553841993863931,0.04517446600406631,83.50450315299075,0.02,300
2026-02-19T14:22:21.616110,outputs\train\act_vit_220ep_completion_v2\final,3,2,0.27,0.04999999999999999,1,False,300,0.25589620759469844,0.058908836654899335,-60.10933050574188,0.02,300
2026-02-19T14:22:21.616110,outputs\train\act_vit_220ep_completion_v2\final,3,2,0.27,0.04999999999999999,2,False,300,0.25548753635216587,0.04247898637114906,10.75396993431421,0.02,300
2026-02-19T14:22:21.616110,outputs\train\act_vit_220ep_completion_v2\final,3,2,0.27,0.04999999999999999,3,False,300,0.28582293483390503,0.04225326767315402,-86.46314280559484,0.02,300
2026-02-19T14:22:21.616110,outputs\train\act_vit_220ep_completion_v2\final,3,2,0.27,0.04999999999999999,4,False,300,0.2570560117818678,0.03757152013393893,135.44577939779288,0.02,300
2026-02-19T14:22:21.616110,outputs\train\act_vit_220ep_completion_v2\final,3,2,0.27,0.04999999999999999,5,False,300,0.27948677586223414,0.06855949169631716,112.99125194240433,0.02,300
2026-02-19T14:22:21.616110,outputs\train\act_vit_220ep_completion_v2\final,3,2,0.27,0.04999999999999999,6,False,300,0.2836501755708858,0.05885413594574829,-159.46024438407156,0.02,300
2026-02-19T14:22:21.616110,outputs\train\act_vit_220ep_completion_v2\final,3,2,0.27,0.04999999999999999,7,False,300,0.26759964725898205,0.068935789612768,-14.237720883081336,0.02,300
2026-02-19T14:22:21.616110,outputs\train\act_vit_220ep_completion_v2\final,3,2,0.27,0.04999999999999999,8,False,300,0.26908798115899935,0.03880922499716415,92.50756011241354,0.02,300
2026-02-19T14:22:21.616110,outputs\train\act_vit_220ep_completion_v2\final,3,2,0.27,0.04999999999999999,9,False,300,0.2652905605449957,0.03190393566310394,-82.72525803110898,0.02,300
2026-02-19T14:22:21.616110,outputs\train\act_vit_220ep_completion_v2\final,5,6,0.37,0.35,0,False,300,0.36699288617555464,0.338141723357047,-69.599020331863,0.02,300
2026-02-19T14:22:21.616110,outputs\train\act_vit_220ep_completion_v2\final,5,6,0.37,0.35,1,False,300,0.37319006408385513,0.35144365580472314,66.18418402924239,0.02,300
2026-02-19T14:22:21.616110,outputs\train\act_vit_220ep_completion_v2\final,5,6,0.37,0.35,2,False,300,0.3878062735995119,0.3539025412273233,-121.85712582626078,0.02,300
2026-02-19T14:22:21.616110,outputs\train\act_vit_220ep_completion_v2\final,5,6,0.37,0.35,3,False,300,0.3894150720604597,0.3347659080519329,-117.01218958626653,0.02,300
2026-02-19T14:22:21.616110,outputs\train\act_vit_220ep_completion_v2\final,5,6,0.37,0.35,4,False,300,0.35084700075846387,0.34237892088670285,-55.746299813243596,0.02,300
2026-02-19T14:22:21.616110,outputs\train\act_vit_220ep_completion_v2\final,5,6,0.37,0.35,5,False,300,0.3700455076040458,0.36516830527975,95.55914232530961,0.02,300
2026-02-19T14:22:21.616110,outputs\train\act_vit_220ep_completion_v2\final,5,6,0.37,0.35,6,False,300,0.36307503149143144,0.368141146157234,-101.24063651387534,0.02,300
2026-02-19T14:22:21.616110,outputs\train\act_vit_220ep_completion_v2\final,5,6,0.37,0.35,7,False,300,0.3581804824751683,0.36368468450345526,175.0484904788501,0.02,300
2026-02-19T14:22:21.616110,outputs\train\act_vit_220ep_completion_v2\final,5,6,0.37,0.35,8,False,300,0.38790563962340424,0.3442055752795057,103.77729428045978,0.02,300
2026-02-19T14:22:21.616110,outputs\train\act_vit_220ep_completion_v2\final,5,6,0.37,0.35,9,False,300,0.36825594062133754,0.34997441609058433,-43.060503551387775,0.02,300
2026-02-19T14:22:21.616110,outputs\train\act_vit_220ep_completion_v2\final,0,2,0.12,0.04999999999999999,0,False,300,0.10593822120467083,0.055259651816305065,135.08789749737738,0.02,300
2026-02-19T14:22:21.616110,outputs\train\act_vit_220ep_completion_v2\final,0,2,0.12,0.04999999999999999,1,False,300,0.12772904204927737,0.03439718495385512,-157.60684298855307,0.02,300
2026-02-19T14:22:21.616110,outputs\train\act_vit_220ep_completion_v2\final,0,2,0.12,0.04999999999999999,2,False,300,0.12324070615083114,0.05070683954633504,-35.43733633069523,0.02,300
2026-02-19T14:22:21.616110,outputs\train\act_vit_220ep_completion_v2\final,0,2,0.12,0.04999999999999999,3,False,300,0.11324389985304273,0.03588066844999302,-37.83830758049892,0.02,300
2026-02-19T14:22:21.616110,outputs\train\act_vit_220ep_completion_v2\final,0,2,0.12,0.04999999999999999,4,False,300,0.12286011449024893,0.039689154486849385,33.82988289781481,0.02,300
2026-02-19T14:22:21.616110,outputs\train\act_vit_220ep_completion_v2\final,0,2,0.12,0.04999999999999999,5,False,300,0.11415230563626728,0.03273569054970852,-177.63240237598973,0.02,300
2026-02-19T14:22:21.616110,outputs\train\act_vit_220ep_completion_v2\final,0,2,0.12,0.04999999999999999,6,False,300,0.1373116598957251,0.04542415561595495,1.6207700316477072,0.02,300
2026-02-19T14:22:21.616110,outputs\train\act_vit_220ep_completion_v2\final,0,2,0.12,0.04999999999999999,7,False,300,0.11991837011622095,0.030888884008664318,138.6339969522014,0.02,300
2026-02-19T14:22:21.616110,outputs\train\act_vit_220ep_completion_v2\final,0,2,0.12,0.04999999999999999,8,False,300,0.12213083802660135,0.06800882196990243,129.87606902505104,0.02,300
2026-02-19T14:22:21.616110,outputs\train\act_vit_220ep_completion_v2\final,0,2,0.12,0.04999999999999999,9,False,300,0.1363640908497638,0.040912111821724426,56.153450113698035,0.02,300
2026-02-19T14:22:21.616110,outputs\train\act_vit_220ep_completion_v2\final,4,2,0.31999999999999995,0.04999999999999999,0,False,300,0.3057465843359044,0.05006898412976868,92.05661155192006,0.02,300
2026-02-19T14:22:21.616110,outputs\train\act_vit_220ep_completion_v2\final,4,2,0.31999999999999995,0.04999999999999999,1,False,300,0.3175904521724758,0.03608896230387956,-51.84359981531592,0.02,300
2026-02-19T14:22:21.616110,outputs\train\act_vit_220ep_completion_v2\final,4,2,0.31999999999999995,0.04999999999999999,2,False,300,0.32687046835204375,0.06298171913399364,-10.25509819347228,0.02,300
2026-02-19T14:22:21.616110,outputs\train\act_vit_220ep_completion_v2\final,4,2,0.31999999999999995,0.04999999999999999,3,False,300,0.31363927101832,0.04415570597282675,164.82664191497042,0.02,300
2026-02-19T14:22:21.616110,outputs\train\act_vit_220ep_completion_v2\final,4,2,0.31999999999999995,0.04999999999999999,4,False,300,0.3240804216783877,0.0577822250777516,-178.15250235131592,0.02,300
2026-02-19T14:22:21.616110,outputs\train\act_vit_220ep_completion_v2\final,4,2,0.31999999999999995,0.04999999999999999,5,False,300,0.31337052031915524,0.040313398015525186,-152.66669665477832,0.02,300
2026-02-19T14:22:21.616110,outputs\train\act_vit_220ep_completion_v2\final,4,2,0.31999999999999995,0.04999999999999999,6,True,211,0.33036885059545235,0.04166816339079898,-105.6977197333229,0.02,300
2026-02-19T14:22:21.616110,outputs\train\act_vit_220ep_completion_v2\final,4,2,0.31999999999999995,0.04999999999999999,7,True,216,0.3134451558556743,0.03534853736122557,-174.83846756367498,0.02,300
2026-02-19T14:22:21.616110,outputs\train\act_vit_220ep_completion_v2\final,4,2,0.31999999999999995,0.04999999999999999,8,False,300,0.3218075824580691,0.03686649245743648,-62.83521016072175,0.02,300
2026-02-19T14:22:21.616110,outputs\train\act_vit_220ep_completion_v2\final,4,2,0.31999999999999995,0.04999999999999999,9,False,300,0.3166615996170322,0.05329469595554548,-117.57215571813958,0.02,300
2026-02-19T14:22:21.616110,outputs\train\act_vit_220ep_completion_v2\final,6,4,0.42,0.19999999999999998,0,False,300,0.43564882899890056,0.2127835436995248,177.52540613240822,0.02,300
2026-02-19T14:22:21.616110,outputs\train\act_vit_220ep_completion_v2\final,6,4,0.42,0.19999999999999998,1,False,300,0.408212307964996,0.18015431926269135,2.2181768533664115,0.02,300
2026-02-19T14:22:21.616110,outputs\train\act_vit_220ep_completion_v2\final,6,4,0.42,0.19999999999999998,2,False,300,0.4317705926579452,0.18063041055272955,-162.4299154303233,0.02,300
2026-02-19T14:22:21.616110,outputs\train\act_vit_220ep_completion_v2\final,6,4,0.42,0.19999999999999998,3,False,300,0.4356317153138845,0.18174417145582772,-170.54428801277157,0.02,300
2026-02-19T14:22:21.616110,outputs\train\act_vit_220ep_completion_v2\final,6,4,0.42,0.19999999999999998,4,False,300,0.41324682177069605,0.21574028436603157,70.23830105834566,0.02,300
2026-02-19T14:22:21.616110,outputs\train\act_vit_220ep_completion_v2\final,6,4,0.42,0.19999999999999998,5,False,300,0.43167579777036963,0.19553189327605644,-52.32552704802996,0.02,300
2026-02-19T14:22:21.616110,outputs\train\act_vit_220ep_completion_v2\final,6,4,0.42,0.19999999999999998,6,False,300,0.4139057777585271,0.18783804517563824,46.71449816308154,0.02,300
2026-02-19T14:22:21.616110,outputs\train\act_vit_220ep_completion_v2\final,6,4,0.42,0.19999999999999998,7,False,300,0.40992231807251067,0.18908255007306715,-73.39092036789918,0.02,300
2026-02-19T14:22:21.616110,outputs\train\act_vit_220ep_completion_v2\final,6,4,0.42,0.19999999999999998,8,False,300,0.40273635968435934,0.1947352178728383,-177.7043950315299,0.02,300
2026-02-19T14:22:21.616110,outputs\train\act_vit_220ep_completion_v2\final,6,4,0.42,0.19999999999999998,9,False,300,0.41329152637121264,0.1802440884771332,-16.559837722238225,0.02,300
2026-02-19T14:22:21.616110,outputs\train\act_vit_220ep_completion_v2\final,6,5,0.42,0.275,0,False,300,0.42064018182257423,0.26142484198360105,-75.01101784605996,0.02,300
2026-02-19T14:22:21.616110,outputs\train\act_vit_220ep_completion_v2\final,6,5,0.42,0.275,1,False,300,0.4387372793740824,0.26716164390688013,-42.551241421530385,0.02,300
2026-02-19T14:22:21.616110,outputs\train\act_vit_220ep_completion_v2\final,6,5,0.42,0.275,2,False,300,0.42878134517291666,0.27835303041005294,-54.16296762365127,0.02,300
2026-02-19T14:22:21.616110,outputs\train\act_vit_220ep_completion_v2\final,6,5,0.42,0.275,3,False,300,0.40402459873210356,0.29310654260285085,-122.51771889038956,0.02,300
2026-02-19T14:22:21.616110,outputs\train\act_vit_220ep_completion_v2\final,6,5,0.42,0.275,4,False,300,0.42295208987182986,0.2551583328619422,111.79153884880714,0.02,300
2026-02-19T14:22:21.616110,outputs\train\act_vit_220ep_completion_v2\final,6,5,0.42,0.275,5,False,300,0.4158496275996611,0.2911307331203951,-166.72545807693714,0.02,300
2026-02-19T14:22:21.616110,outputs\train\act_vit_220ep_completion_v2\final,6,5,0.42,0.275,6,False,300,0.4105287675066743,0.26880952857181534,-149.67316451748806,0.02,300
2026-02-19T14:22:21.616110,outputs\train\act_vit_220ep_completion_v2\final,6,5,0.42,0.275,7,False,300,0.40426388595384516,0.2632954214472965,-113.35858134771316,0.02,300
2026-02-19T14:22:21.616110,outputs\train\act_vit_220ep_completion_v2\final,6,5,0.42,0.275,8,False,300,0.43605816887202886,0.27971992579420546,24.66782009650604,0.02,300
2026-02-19T14:22:21.616110,outputs\train\act_vit_220ep_completion_v2\final,6,5,0.42,0.275,9,False,300,0.4051609747542751,0.2773845617263676,-141.43911620180103,0.02,300
2026-02-19T14:22:21.616110,outputs\train\act_vit_220ep_completion_v2\final,6,3,0.42,0.12499999999999997,0,False,300,0.4073871501696543,0.12302931520190963,118.6074697120559,0.02,300
2026-02-19T14:22:21.616110,outputs\train\act_vit_220ep_completion_v2\final,6,3,0.42,0.12499999999999997,1,False,300,0.4300787230832393,0.11528911661073359,-12.31842222071924,0.02,300
2026-02-19T14:22:21.616110,outputs\train\act_vit_220ep_completion_v2\final,6,3,0.42,0.12499999999999997,2,False,300,0.43717180656943694,0.10527475613091364,6.307841946286086,0.02,300
2026-02-19T14:22:21.616110,outputs\train\act_vit_220ep_completion_v2\final,6,3,0.42,0.12499999999999997,3,False,300,0.40503545469216323,0.13609844558099704,-12.346150133304974,0.02,300
2026-02-19T14:22:21.616110,outputs\train\act_vit_220ep_completion_v2\final,6,3,0.42,0.12499999999999997,4,False,300,0.42207733432899863,0.1183742153661246,-24.682933950948968,0.02,300
2026-02-19T14:22:21.616110,outputs\train\act_vit_220ep_completion_v2\final,6,3,0.42,0.12499999999999997,5,False,300,0.4225860950332462,0.12263858683289948,-175.5886857105233,0.02,300
2026-02-19T14:22:21.616110,outputs\train\act_vit_220ep_completion_v2\final,6,3,0.42,0.12499999999999997,6,False,300,0.4364875741056823,0.11206952850046846,99.67072819491227,0.02,300
2026-02-19T14:22:21.616110,outputs\train\act_vit_220ep_completion_v2\final,6,3,0.42,0.12499999999999997,7,False,300,0.40573221820193217,0.1419856910709346,-84.83312791334319,0.02,300
2026-02-19T14:22:21.616110,outputs\train\act_vit_220ep_completion_v2\final,6,3,0.42,0.12499999999999997,8,False,300,0.4037181441519592,0.11092160882953592,-15.825002074104523,0.02,300
2026-02-19T14:22:21.616110,outputs\train\act_vit_220ep_completion_v2\final,6,3,0.42,0.12499999999999997,9,False,300,0.41946426979499857,0.11789815663652495,146.1472532582769,0.02,300
2026-02-19T14:22:21.616110,outputs\train\act_vit_220ep_completion_v2\final,5,2,0.37,0.04999999999999999,0,False,300,0.3821868063724112,0.05869396350324408,148.66055118588372,0.02,300
2026-02-19T14:22:21.616110,outputs\train\act_vit_220ep_completion_v2\final,5,2,0.37,0.04999999999999999,1,True,209,0.3597687832379534,0.038450034502142,144.38560057762643,0.02,300
2026-02-19T14:22:21.616110,outputs\train\act_vit_220ep_completion_v2\final,5,2,0.37,0.04999999999999999,2,True,209,0.3585618563557891,0.04775367513057015,-172.59531773952364,0.02,300
2026-02-19T14:22:21.616110,outputs\train\act_vit_220ep_completion_v2\final,5,2,0.37,0.04999999999999999,3,False,300,0.35944060390553473,0.05030396577500132,162.19009080335863,0.02,300
2026-02-19T14:22:21.616110,outputs\train\act_vit_220ep_completion_v2\final,5,2,0.37,0.04999999999999999,4,False,300,0.36269588259761393,0.0424064843669903,31.031895965717787,0.02,300
2026-02-19T14:22:21.616110,outputs\train\act_vit_220ep_completion_v2\final,5,2,0.37,0.04999999999999999,5,True,210,0.3846014215402855,0.04140245842878644,-18.585041170160743,0.02,300
2026-02-19T14:22:21.616110,outputs\train\act_vit_220ep_completion_v2\final,5,2,0.37,0.04999999999999999,6,False,300,0.3655170878698986,0.05610165637385575,-38.68705522989402,0.02,300
2026-02-19T14:22:21.616110,outputs\train\act_vit_220ep_completion_v2\final,5,2,0.37,0.04999999999999999,7,False,300,0.36321488834191096,0.04215738434150234,89.76895456288348,0.02,300
2026-02-19T14:22:21.616110,outputs\train\act_vit_220ep_completion_v2\final,5,2,0.37,0.04999999999999999,8,False,300,0.3539821535845211,0.058758523040772316,-171.62132761625247,0.02,300
2026-02-19T14:22:21.616110,outputs\train\act_vit_220ep_completion_v2\final,5,2,0.37,0.04999999999999999,9,False,300,0.3665740728146682,0.030201408904453768,28.302453212353168,0.02,300
2026-02-19T14:22:21.616110,outputs\train\act_vit_220ep_completion_v2\final,6,6,0.42,0.35,0,False,300,0.40201998090508356,0.3393595226438438,8.938518190208312,0.02,300
2026-02-19T14:22:21.616110,outputs\train\act_vit_220ep_completion_v2\final,6,6,0.42,0.35,1,False,300,0.42963580197055273,0.34779937344518796,-178.61311961728035,0.02,300
2026-02-19T14:22:21.616110,outputs\train\act_vit_220ep_completion_v2\final,6,6,0.42,0.35,2,False,300,0.43151455528147553,0.34445249341519846,-20.508673810924595,0.02,300
2026-02-19T14:22:21.616110,outputs\train\act_vit_220ep_completion_v2\final,6,6,0.42,0.35,3,False,300,0.43007536486030695,0.35368401896272295,76.15475023677317,0.02,300
2026-02-19T14:22:21.616110,outputs\train\act_vit_220ep_completion_v2\final,6,6,0.42,0.35,4,False,300,0.41401757874106754,0.35065092687380983,-129.24704497813494,0.02,300
2026-02-19T14:22:21.616110,outputs\train\act_vit_220ep_completion_v2\final,6,6,0.42,0.35,5,False,300,0.41200455712354794,0.3629409178037325,-7.721463016473937,0.02,300
2026-02-19T14:22:21.616110,outputs\train\act_vit_220ep_completion_v2\final,6,6,0.42,0.35,6,False,300,0.41643284239637707,0.3342771677209639,37.90779464171819,0.02,300
2026-02-19T14:22:21.616110,outputs\train\act_vit_220ep_completion_v2\final,6,6,0.42,0.35,7,False,300,0.4273412558667905,0.33911395047956094,-162.14500719991548,0.02,300
2026-02-19T14:22:21.616110,outputs\train\act_vit_220ep_completion_v2\final,6,6,0.42,0.35,8,False,300,0.43964020239888707,0.3387573568069986,-159.0125675769984,0.02,300
2026-02-19T14:22:21.616110,outputs\train\act_vit_220ep_completion_v2\final,6,6,0.42,0.35,9,False,300,0.43784739176661186,0.33433817118461295,-73.52389052317369,0.02,300
2026-02-19T14:22:21.616110,outputs\train\act_vit_220ep_completion_v2\final,2,1,0.21999999999999997,-0.02500000000000001,0,False,300,0.20259879307623974,-0.043631333909732645,82.05660322805265,0.02,300
2026-02-19T14:22:21.616110,outputs\train\act_vit_220ep_completion_v2\final,2,1,0.21999999999999997,-0.02500000000000001,1,False,300,0.20691035298607488,-0.00839692454202055,-164.15422384617824,0.02,300
2026-02-19T14:22:21.616110,outputs\train\act_vit_220ep_completion_v2\final,2,1,0.21999999999999997,-0.02500000000000001,2,False,300,0.22379949518129363,-0.012369731475004368,-167.77484762733758,0.02,300
2026-02-19T14:22:21.616110,outputs\train\act_vit_220ep_completion_v2\final,2,1,0.21999999999999997,-0.02500000000000001,3,False,300,0.23146161037483048,-0.007567724264128817,6.422270852217568,0.02,300
2026-02-19T14:22:21.616110,outputs\train\act_vit_220ep_completion_v2\final,2,1,0.21999999999999997,-0.02500000000000001,4,False,300,0.21391829403516238,-0.03472926132391872,151.96686916902462,0.02,300
2026-02-19T14:22:21.616110,outputs\train\act_vit_220ep_completion_v2\final,2,1,0.21999999999999997,-0.02500000000000001,5,False,300,0.202872540183162,-0.04336209344157224,-13.654445411651594,0.02,300
2026-02-19T14:22:21.616110,outputs\train\act_vit_220ep_completion_v2\final,2,1,0.21999999999999997,-0.02500000000000001,6,False,300,0.2191145454929663,-0.035273221522646704,35.61451755663913,0.02,300
2026-02-19T14:22:21.616110,outputs\train\act_vit_220ep_completion_v2\final,2,1,0.21999999999999997,-0.02500000000000001,7,False,300,0.23166249302422937,-0.015172001044209418,65.2519550610246,0.02,300
2026-02-19T14:22:21.616110,outputs\train\act_vit_220ep_completion_v2\final,2,1,0.21999999999999997,-0.02500000000000001,8,False,300,0.2340584532164738,-0.02147316590559498,163.63042129740626,0.02,300
2026-02-19T14:22:21.616110,outputs\train\act_vit_220ep_completion_v2\final,2,1,0.21999999999999997,-0.02500000000000001,9,False,300,0.20820987221527568,-0.017416197469510907,-58.83182740907463,0.02,300
2026-02-19T14:22:21.616110,outputs\train\act_vit_220ep_completion_v2\final,1,1,0.16999999999999998,-0.02500000000000001,0,False,300,0.18585476115676838,-0.02305282659931243,-86.11903337805903,0.02,300
2026-02-19T14:22:21.616110,outputs\train\act_vit_220ep_completion_v2\final,1,1,0.16999999999999998,-0.02500000000000001,1,False,300,0.1675867279060804,-0.016138571402849466,-163.28322982076898,0.02,300
2026-02-19T14:22:21.616110,outputs\train\act_vit_220ep_completion_v2\final,1,1,0.16999999999999998,-0.02500000000000001,2,False,300,0.1762708810425444,-0.03315970184608836,-72.97203743685674,0.02,300
2026-02-19T14:22:21.616110,outputs\train\act_vit_220ep_completion_v2\final,1,1,0.16999999999999998,-0.02500000000000001,3,False,300,0.16185319915427338,-0.014981561414179348,-39.0894265816843,0.02,300
2026-02-19T14:22:21.616110,outputs\train\act_vit_220ep_completion_v2\final,1,1,0.16999999999999998,-0.02500000000000001,4,False,300,0.1789761259246893,-0.017138536466532937,-35.52171273123843,0.02,300
2026-02-19T14:22:21.616110,outputs\train\act_vit_220ep_completion_v2\final,1,1,0.16999999999999998,-0.02500000000000001,5,False,300,0.1791387336245212,-0.033351904616208614,-134.3333262555917,0.02,300
2026-02-19T14:22:21.616110,outputs\train\act_vit_220ep_completion_v2\final,1,1,0.16999999999999998,-0.02500000000000001,6,False,300,0.16211861791653395,-0.008205116733573829,-67.43541129031722,0.02,300
2026-02-19T14:22:21.616110,outputs\train\act_vit_220ep_completion_v2\final,1,1,0.16999999999999998,-0.02500000000000001,7,False,300,0.16862164054482112,-0.012422346873046112,0.3872994455985433,0.02,300
2026-02-19T14:22:21.616110,outputs\train\act_vit_220ep_completion_v2\final,1,1,0.16999999999999998,-0.02500000000000001,8,False,300,0.17755114085090598,-0.012063592471551355,31.760969605238284,0.02,300
2026-02-19T14:22:21.616110,outputs\train\act_vit_220ep_completion_v2\final,1,1,0.16999999999999998,-0.02500000000000001,9,False,300,0.1671126506203365,-0.013949294748906264,-116.79287162936019,0.02,300
2026-02-19T14:22:21.616110,outputs\train\act_vit_220ep_completion_v2\final,3,1,0.27,-0.02500000000000001,0,False,300,0.27831922280634275,-0.01691108181751423,-29.291370775945584,0.02,300
2026-02-19T14:22:21.616110,outputs\train\act_vit_220ep_completion_v2\final,3,1,0.27,-0.02500000000000001,1,False,300,0.2797515909056871,-0.03247005662622806,-4.216514345213664,0.02,300
2026-02-19T14:22:21.616110,outputs\train\act_vit_220ep_completion_v2\final,3,1,0.27,-0.02500000000000001,2,False,300,0.25667934927907227,-0.012440528096590412,-110.63284578654212,0.02,300
2026-02-19T14:22:21.616110,outputs\train\act_vit_220ep_completion_v2\final,3,1,0.27,-0.02500000000000001,3,False,300,0.2518041818642943,-0.0151772497312971,-48.90485988115623,0.02,300
2026-02-19T14:22:21.616110,outputs\train\act_vit_220ep_completion_v2\final,3,1,0.27,-0.02500000000000001,4,False,300,0.25978299693612933,-0.015911745807326353,139.37624421218518,0.02,300
2026-02-19T14:22:21.616110,outputs\train\act_vit_220ep_completion_v2\final,3,1,0.27,-0.02500000000000001,5,False,300,0.25974705658952063,-0.01893758202457104,146.02615540485624,0.02,300
2026-02-19T14:22:21.616110,outputs\train\act_vit_220ep_completion_v2\final,3,1,0.27,-0.02500000000000001,6,False,300,0.2566982286514118,-0.04059940248845212,132.33741482614928,0.02,300
2026-02-19T14:22:21.616110,outputs\train\act_vit_220ep_completion_v2\final,3,1,0.27,-0.02500000000000001,7,False,300,0.27329981579103607,-0.008015345303226413,-86.49081356340419,0.02,300
2026-02-19T14:22:21.616110,outputs\train\act_vit_220ep_completion_v2\final,3,1,0.27,-0.02500000000000001,8,False,300,0.2836601339825554,-0.01315521946291007,-119.57965926337909,0.02,300
2026-02-19T14:22:21.616110,outputs\train\act_vit_220ep_completion_v2\final,3,1,0.27,-0.02500000000000001,9,False,300,0.2772734667815321,-0.008112029732026491,75.91087430197419,0.02,300
2026-02-19T14:22:21.616110,outputs\train\act_vit_220ep_completion_v2\final,6,2,0.42,0.04999999999999999,0,False,300,0.4224606641614154,0.03354706885621692,-5.88017846202056,0.02,300
2026-02-19T14:22:21.616110,outputs\train\act_vit_220ep_completion_v2\final,6,2,0.42,0.04999999999999999,1,False,300,0.433491175180806,0.0461621660489596,2.9791589033214687,0.02,300
2026-02-19T14:22:21.616110,outputs\train\act_vit_220ep_completion_v2\final,6,2,0.42,0.04999999999999999,2,False,300,0.43756430083468634,0.055016238281276275,68.87156649468518,0.02,300
2026-02-19T14:22:21.616110,outputs\train\act_vit_220ep_completion_v2\final,6,2,0.42,0.04999999999999999,3,False,300,0.4280460670800706,0.06163228870716182,33.6369906476534,0.02,300
2026-02-19T14:22:21.616110,outputs\train\act_vit_220ep_completion_v2\final,6,2,0.42,0.04999999999999999,4,False,300,0.40116058957962775,0.05511266263915383,-42.0645540677181,0.02,300
2026-02-19T14:22:21.616110,outputs\train\act_vit_220ep_completion_v2\final,6,2,0.42,0.04999999999999999,5,False,300,0.43878694687534003,0.061015007424455994,88.34251941689705,0.02,300
2026-02-19T14:22:21.616110,outputs\train\act_vit_220ep_completion_v2\final,6,2,0.42,0.04999999999999999,6,False,300,0.4045966717352085,0.04702163136954563,-167.66695347131116,0.02,300
2026-02-19T14:22:21.616110,outputs\train\act_vit_220ep_completion_v2\final,6,2,0.42,0.04999999999999999,7,False,300,0.40647154201457963,0.04291105038930583,-126.25489073209116,0.02,300
2026-02-19T14:22:21.616110,outputs\train\act_vit_220ep_completion_v2\final,6,2,0.42,0.04999999999999999,8,False,300,0.43158325551046234,0.04960589605646604,108.80299859503909,0.02,300
2026-02-19T14:22:21.616110,outputs\train\act_vit_220ep_completion_v2\final,6,2,0.42,0.04999999999999999,9,False,300,0.43870009187715314,0.06637621082495648,-23.108183959993184,0.02,300
2026-02-19T14:22:21.616110,outputs\train\act_vit_220ep_completion_v2\final,0,1,0.12,-0.02500000000000001,0,False,300,0.12958754392369196,-0.012488042966358675,36.39763144287819,0.02,300
2026-02-19T14:22:21.616110,outputs\train\act_vit_220ep_completion_v2\final,0,1,0.12,-0.02500000000000001,1,False,300,0.12724863142984075,-0.01853165976677615,170.20969445618474,0.02,300
2026-02-19T14:22:21.616110,outputs\train\act_vit_220ep_completion_v2\final,0,1,0.12,-0.02500000000000001,2,False,300,0.11370493751118786,-0.01882629178023667,-112.92665046720685,0.02,300
2026-02-19T14:22:21.616110,outputs\train\act_vit_220ep_completion_v2\final,0,1,0.12,-0.02500000000000001,3,False,300,0.13813604895731535,-0.012503880140307195,40.065796668579104,0.02,300
2026-02-19T14:22:21.616110,outputs\train\act_vit_220ep_completion_v2\final,0,1,0.12,-0.02500000000000001,4,False,300,0.1308181497840902,-0.025403541678769567,-113.95689025325402,0.02,300
2026-02-19T14:22:21.616110,outputs\train\act_vit_220ep_completion_v2\final,0,1,0.12,-0.02500000000000001,5,False,300,0.13894902571406886,-0.03235823242399658,-64.0408627252022,0.02,300
2026-02-19T14:22:21.616110,outputs\train\act_vit_220ep_completion_v2\final,0,1,0.12,-0.02500000000000001,6,False,300,0.13421773249779878,-0.040638940493627276,178.069901627965,0.02,300
2026-02-19T14:22:21.616110,outputs\train\act_vit_220ep_completion_v2\final,0,1,0.12,-0.02500000000000001,7,False,300,0.10652500855044632,-0.024848985873607572,54.4262990847529,0.02,300
2026-02-19T14:22:21.616110,outputs\train\act_vit_220ep_completion_v2\final,0,1,0.12,-0.02500000000000001,8,False,300,0.13595049615123897,-0.02672104291437721,107.98781416198403,0.02,300
2026-02-19T14:22:21.616110,outputs\train\act_vit_220ep_completion_v2\final,0,1,0.12,-0.02500000000000001,9,False,300,0.11664706944866304,-0.018250371556983568,-177.5733412554051,0.02,300
2026-02-19T14:22:21.616110,outputs\train\act_vit_220ep_completion_v2\final,4,1,0.31999999999999995,-0.02500000000000001,0,True,144,0.3181748437292492,-0.034901960992815735,-30.091786877556483,0.02,300
2026-02-19T14:22:21.616110,outputs\train\act_vit_220ep_completion_v2\final,4,1,0.31999999999999995,-0.02500000000000001,1,False,300,0.3141864880624413,-0.03477787065167762,-11.65561157987724,0.02,300
2026-02-19T14:22:21.616110,outputs\train\act_vit_220ep_completion_v2\final,4,1,0.31999999999999995,-0.02500000000000001,2,False,300,0.3346164972797285,-0.03640409534098165,-101.95894373721862,0.02,300
2026-02-19T14:22:21.616110,outputs\train\act_vit_220ep_completion_v2\final,4,1,0.31999999999999995,-0.02500000000000001,3,False,300,0.32202367914769997,-0.035285392259326316,-116.06667419599411,0.02,300
2026-02-19T14:22:21.616110,outputs\train\act_vit_220ep_completion_v2\final,4,1,0.31999999999999995,-0.02500000000000001,4,False,300,0.3391970192057258,-0.013563266353252664,-154.49501392848416,0.02,300
2026-02-19T14:22:21.616110,outputs\train\act_vit_220ep_completion_v2\final,4,1,0.31999999999999995,-0.02500000000000001,5,False,300,0.32390639116250264,-0.011449126601439149,170.05019409591685,0.02,300
2026-02-19T14:22:21.616110,outputs\train\act_vit_220ep_completion_v2\final,4,1,0.31999999999999995,-0.02500000000000001,6,True,106,0.3238857442322543,-0.008102878617025442,35.31070526532663,0.02,300
2026-02-19T14:22:21.616110,outputs\train\act_vit_220ep_completion_v2\final,4,1,0.31999999999999995,-0.02500000000000001,7,True,107,0.32200324482349263,-0.0389829459663802,79.58371258680467,0.02,300
2026-02-19T14:22:21.616110,outputs\train\act_vit_220ep_completion_v2\final,4,1,0.31999999999999995,-0.02500000000000001,8,True,120,0.32584899573045883,-0.016690450612993093,-51.99437194600394,0.02,300
2026-02-19T14:22:21.616110,outputs\train\act_vit_220ep_completion_v2\final,4,1,0.31999999999999995,-0.02500000000000001,9,False,300,0.3211976228069003,-0.03327604062831237,-171.93422298732781,0.02,300
2026-02-19T14:22:21.616110,outputs\train\act_vit_220ep_completion_v2\final,5,1,0.37,-0.02500000000000001,0,False,300,0.3775776610496282,-0.03991415725669719,159.54942466212478,0.02,300
2026-02-19T14:22:21.616110,outputs\train\act_vit_220ep_completion_v2\final,5,1,0.37,-0.02500000000000001,1,False,300,0.3778626229144799,-0.021199725289423946,37.585148765231004,0.02,300
2026-02-19T14:22:21.616110,outputs\train\act_vit_220ep_completion_v2\final,5,1,0.37,-0.02500000000000001,2,False,300,0.37250446385690494,-0.03541143233236455,-167.24123887529657,0.02,300
2026-02-19T14:22:21.616110,outputs\train\act_vit_220ep_completion_v2\final,5,1,0.37,-0.02500000000000001,3,True,211,0.3589471197284534,-0.027834370925580616,-68.86331494650757,0.02,300
2026-02-19T14:22:21.616110,outputs\train\act_vit_220ep_completion_v2\final,5,1,0.37,-0.02500000000000001,4,True,295,0.36534773114157815,-0.035665093742306433,-117.39366802824831,0.02,300
2026-02-19T14:22:21.616110,outputs\train\act_vit_220ep_completion_v2\final,5,1,0.37,-0.02500000000000001,5,False,300,0.3812956338741664,-0.012256895565574907,-30.118789321419534,0.02,300
2026-02-19T14:22:21.616110,outputs\train\act_vit_220ep_completion_v2\final,5,1,0.37,-0.02500000000000001,6,True,208,0.357178950362717,-0.010154734597468098,-92.76613529021553,0.02,300
2026-02-19T14:22:21.616110,outputs\train\act_vit_220ep_completion_v2\final,5,1,0.37,-0.02500000000000001,7,True,215,0.38537852251287275,-0.0381716729440319,-120.5418366499076,0.02,300
2026-02-19T14:22:21.616110,outputs\train\act_vit_220ep_completion_v2\final,5,1,0.37,-0.02500000000000001,8,False,300,0.3894055547467379,-0.033976007526698423,-136.0105696115135,0.02,300
2026-02-19T14:22:21.616110,outputs\train\act_vit_220ep_completion_v2\final,5,1,0.37,-0.02500000000000001,9,False,300,0.3550324207911967,-0.008368532387176175,175.3053769633954,0.02,300
2026-02-19T14:22:21.616110,outputs\train\act_vit_220ep_completion_v2\final,6,1,0.42,-0.02500000000000001,0,False,300,0.41253052282849856,-0.03178602454003041,-20.05807395726242,0.02,300
2026-02-19T14:22:21.616110,outputs\train\act_vit_220ep_completion_v2\final,6,1,0.42,-0.02500000000000001,1,False,300,0.4351530281574368,-0.02316253951799083,-177.06461975666937,0.02,300
2026-02-19T14:22:21.616110,outputs\train\act_vit_220ep_completion_v2\final,6,1,0.42,-0.02500000000000001,2,False,300,0.4050523428351403,-0.033109611300057504,-173.0893806243815,0.02,300
2026-02-19T14:22:21.616110,outputs\train\act_vit_220ep_completion_v2\final,6,1,0.42,-0.02500000000000001,3,False,300,0.40088641218332866,-0.03499891414774136,-55.993613557459625,0.02,300
2026-02-19T14:22:21.616110,outputs\train\act_vit_220ep_completion_v2\final,6,1,0.42,-0.02500000000000001,4,False,300,0.4344104661185417,-0.0172991939219293,-83.59766840890651,0.02,300
2026-02-19T14:22:21.616110,outputs\train\act_vit_220ep_completion_v2\final,6,1,0.42,-0.02500000000000001,5,False,300,0.4309094705193851,-0.013065212673684438,115.08259755777009,0.02,300
2026-02-19T14:22:21.616110,outputs\train\act_vit_220ep_completion_v2\final,6,1,0.42,-0.02500000000000001,6,False,300,0.40388008474121234,-0.022746683864841948,-125.19988614015443,0.02,300
2026-02-19T14:22:21.616110,outputs\train\act_vit_220ep_completion_v2\final,6,1,0.42,-0.02500000000000001,7,False,300,0.4129213207512159,-0.03352816365279396,-141.80297811845378,0.02,300
2026-02-19T14:22:21.616110,outputs\train\act_vit_220ep_completion_v2\final,6,1,0.42,-0.02500000000000001,8,False,300,0.4171288417487948,-0.04344762393724269,-136.17802536265256,0.02,300
2026-02-19T14:22:21.616110,outputs\train\act_vit_220ep_completion_v2\final,6,1,0.42,-0.02500000000000001,9,False,300,0.4148372620465058,-0.01603115197863735,-130.5940152292015,0.02,300
2026-02-19T14:22:21.616110,outputs\train\act_vit_220ep_completion_v2\final,2,0,0.21999999999999997,-0.1,0,False,300,0.21086053328023177,-0.1011444407524068,100.08291423027089,0.02,300
2026-02-19T14:22:21.616110,outputs\train\act_vit_220ep_completion_v2\final,2,0,0.21999999999999997,-0.1,1,False,300,0.21263655256069228,-0.09991428999016616,179.72214354212247,0.02,300
2026-02-19T14:22:21.616110,outputs\train\act_vit_220ep_completion_v2\final,2,0,0.21999999999999997,-0.1,2,False,300,0.23868091863846339,-0.11635251338513351,106.90693506477695,0.02,300
2026-02-19T14:22:21.616110,outputs\train\act_vit_220ep_completion_v2\final,2,0,0.21999999999999997,-0.1,3,False,300,0.23123652506208917,-0.1010395372987158,153.3685506069957,0.02,300
2026-02-19T14:22:21.616110,outputs\train\act_vit_220ep_completion_v2\final,2,0,0.21999999999999997,-0.1,4,False,300,0.2336045450189688,-0.0912848166091759,168.67348162733174,0.02,300
2026-02-19T14:22:21.616110,outputs\train\act_vit_220ep_completion_v2\final,2,0,0.21999999999999997,-0.1,5,False,300,0.20607442401262127,-0.09784885800790113,7.941480291907482,0.02,300
2026-02-19T14:22:21.616110,outputs\train\act_vit_220ep_completion_v2\final,2,0,0.21999999999999997,-0.1,6,False,300,0.21971628781973554,-0.10541006879635606,-113.31557306920935,0.02,300
2026-02-19T14:22:21.616110,outputs\train\act_vit_220ep_completion_v2\final,2,0,0.21999999999999997,-0.1,7,False,300,0.21243271367112065,-0.11122741135406981,-107.83181976408596,0.02,300
2026-02-19T14:22:21.616110,outputs\train\act_vit_220ep_completion_v2\final,2,0,0.21999999999999997,-0.1,8,False,300,0.23039526066063598,-0.11559461736364807,71.92347866873357,0.02,300
2026-02-19T14:22:21.616110,outputs\train\act_vit_220ep_completion_v2\final,2,0,0.21999999999999997,-0.1,9,False,300,0.23143635866553544,-0.10250519408281723,104.70763186927661,0.02,300
2026-02-19T14:22:21.616110,outputs\train\act_vit_220ep_completion_v2\final,1,0,0.16999999999999998,-0.1,0,False,300,0.17525628024104062,-0.1095353378547903,-84.64061224572829,0.02,300
2026-02-19T14:22:21.616110,outputs\train\act_vit_220ep_completion_v2\final,1,0,0.16999999999999998,-0.1,1,False,300,0.15794933981875334,-0.10301765414956321,-10.902259066946106,0.02,300
2026-02-19T14:22:21.616110,outputs\train\act_vit_220ep_completion_v2\final,1,0,0.16999999999999998,-0.1,2,False,300,0.15558602933740479,-0.08965361944048231,65.38428595689372,0.02,300
2026-02-19T14:22:21.616110,outputs\train\act_vit_220ep_completion_v2\final,1,0,0.16999999999999998,-0.1,3,False,300,0.18732796489162137,-0.09916228578475236,-57.75508344018471,0.02,300
2026-02-19T14:22:21.616110,outputs\train\act_vit_220ep_completion_v2\final,1,0,0.16999999999999998,-0.1,4,False,300,0.18701280675609025,-0.08773559745399606,149.2906657070771,0.02,300
2026-02-19T14:22:21.616110,outputs\train\act_vit_220ep_completion_v2\final,1,0,0.16999999999999998,-0.1,5,False,300,0.1579694145379265,-0.08209711943636767,151.85491145174453,0.02,300
2026-02-19T14:22:21.616110,outputs\train\act_vit_220ep_completion_v2\final,1,0,0.16999999999999998,-0.1,6,False,300,0.17183177935423374,-0.09134433184873056,-49.02625704232498,0.02,300
2026-02-19T14:22:21.616110,outputs\train\act_vit_220ep_completion_v2\final,1,0,0.16999999999999998,-0.1,7,False,300,0.18532495054935397,-0.09162265510617096,-159.6943731473153,0.02,300
2026-02-19T14:22:21.616110,outputs\train\act_vit_220ep_completion_v2\final,1,0,0.16999999999999998,-0.1,8,False,300,0.17999321796838075,-0.10759451971399084,-46.38468427472808,0.02,300
2026-02-19T14:22:21.616110,outputs\train\act_vit_220ep_completion_v2\final,1,0,0.16999999999999998,-0.1,9,False,300,0.18843656261753164,-0.11088174221289858,-137.7243509477928,0.02,300
2026-02-19T14:22:21.616110,outputs\train\act_vit_220ep_completion_v2\final,3,0,0.27,-0.1,0,False,300,0.27114032776433744,-0.10050114736380392,-138.67299053203826,0.02,300
2026-02-19T14:22:21.616110,outputs\train\act_vit_220ep_completion_v2\final,3,0,0.27,-0.1,1,False,300,0.2561780997018909,-0.0894031690283067,-85.19752762063106,0.02,300
2026-02-19T14:22:21.616110,outputs\train\act_vit_220ep_completion_v2\final,3,0,0.27,-0.1,2,False,300,0.27127101804108517,-0.0935342194493057,18.555278429627897,0.02,300
2026-02-19T14:22:21.616110,outputs\train\act_vit_220ep_completion_v2\final,3,0,0.27,-0.1,3,False,300,0.2764469364341025,-0.10972643271297644,177.31560652939356,0.02,300
2026-02-19T14:22:21.616110,outputs\train\act_vit_220ep_completion_v2\final,3,0,0.27,-0.1,4,True,207,0.2871231423789488,-0.09424561222831278,15.236062854868159,0.02,300
2026-02-19T14:22:21.616110,outputs\train\act_vit_220ep_completion_v2\final,3,0,0.27,-0.1,5,False,300,0.26074090053193383,-0.10989604316376472,-137.72282655598192,0.02,300
2026-02-19T14:22:21.616110,outputs\train\act_vit_220ep_completion_v2\final,3,0,0.27,-0.1,6,False,300,0.2574863874107004,-0.11026468181581747,-46.91819615981748,0.02,300
2026-02-19T14:22:21.616110,outputs\train\act_vit_220ep_completion_v2\final,3,0,0.27,-0.1,7,False,300,0.2565281743202471,-0.08257871767472329,-85.5923244967853,0.02,300
2026-02-19T14:22:21.616110,outputs\train\act_vit_220ep_completion_v2\final,3,0,0.27,-0.1,8,False,300,0.2519490111580127,-0.08142587623462139,65.30365279129315,0.02,300
2026-02-19T14:22:21.616110,outputs\train\act_vit_220ep_completion_v2\final,3,0,0.27,-0.1,9,False,300,0.25096231022683324,-0.11702070001459192,25.169985848387494,0.02,300
2026-02-19T14:22:21.616110,outputs\train\act_vit_220ep_completion_v2\final,0,0,0.12,-0.1,0,False,300,0.10462929629801998,-0.10021264086539554,40.19685584901032,0.02,300
2026-02-19T14:22:21.616110,outputs\train\act_vit_220ep_completion_v2\final,0,0,0.12,-0.1,1,False,300,0.10023211530114183,-0.08701961286578777,28.276062956951677,0.02,300
2026-02-19T14:22:21.616110,outputs\train\act_vit_220ep_completion_v2\final,0,0,0.12,-0.1,2,False,300,0.13189994782081205,-0.11842535355228846,-145.1959132706301,0.02,300
2026-02-19T14:22:21.616110,outputs\train\act_vit_220ep_completion_v2\final,0,0,0.12,-0.1,3,False,300,0.11214364822482788,-0.08281599516246169,114.24852172192703,0.02,300
2026-02-19T14:22:21.616110,outputs\train\act_vit_220ep_completion_v2\final,0,0,0.12,-0.1,4,False,300,0.1340938178327317,-0.08504989468429101,-44.460075026494756,0.02,300
2026-02-19T14:22:21.616110,outputs\train\act_vit_220ep_completion_v2\final,0,0,0.12,-0.1,5,False,300,0.1368076806651477,-0.10500218156691844,-16.3012400146207,0.02,300
2026-02-19T14:22:21.616110,outputs\train\act_vit_220ep_completion_v2\final,0,0,0.12,-0.1,6,False,300,0.11880888915601581,-0.0910232760336572,-104.58176734974184,0.02,300
2026-02-19T14:22:21.616110,outputs\train\act_vit_220ep_completion_v2\final,0,0,0.12,-0.1,7,False,300,0.10045898129789635,-0.09633683235188704,-65.33312200683235,0.02,300
2026-02-19T14:22:21.616110,outputs\train\act_vit_220ep_completion_v2\final,0,0,0.12,-0.1,8,False,300,0.11203480391829511,-0.0965102410037012,63.374891426286695,0.02,300
2026-02-19T14:22:21.616110,outputs\train\act_vit_220ep_completion_v2\final,0,0,0.12,-0.1,9,False,300,0.1114920624103933,-0.108422609106689,106.27359932115395,0.02,300
2026-02-19T14:22:21.616110,outputs\train\act_vit_220ep_completion_v2\final,4,0,0.31999999999999995,-0.1,0,False,300,0.3338897860854404,-0.11905413956415854,-97.4434587161547,0.02,300
2026-02-19T14:22:21.616110,outputs\train\act_vit_220ep_completion_v2\final,4,0,0.31999999999999995,-0.1,1,False,300,0.3324386937263505,-0.08573996235315971,102.6696335008061,0.02,300
2026-02-19T14:22:21.616110,outputs\train\act_vit_220ep_completion_v2\final,4,0,0.31999999999999995,-0.1,2,False,300,0.3351585552882147,-0.11000253039386135,90.37326069934977,0.02,300
2026-02-19T14:22:21.616110,outputs\train\act_vit_220ep_completion_v2\final,4,0,0.31999999999999995,-0.1,3,False,300,0.3103200828957231,-0.10412522273769247,-116.84964873031463,0.02,300
2026-02-19T14:22:21.616110,outputs\train\act_vit_220ep_completion_v2\final,4,0,0.31999999999999995,-0.1,4,False,300,0.3154967222675456,-0.08062373320514256,-161.73066428177802,0.02,300
2026-02-19T14:22:21.616110,outputs\train\act_vit_220ep_completion_v2\final,4,0,0.31999999999999995,-0.1,5,False,300,0.3075376343140859,-0.11175302729850671,-69.81369055403636,0.02,300
2026-02-19T14:22:21.616110,outputs\train\act_vit_220ep_completion_v2\final,4,0,0.31999999999999995,-0.1,6,False,300,0.33660479210728034,-0.10756686080034264,179.81388054830035,0.02,300
2026-02-19T14:22:21.616110,outputs\train\act_vit_220ep_completion_v2\final,4,0,0.31999999999999995,-0.1,7,True,209,0.3380517657511611,-0.08223064796133965,52.29055281351902,0.02,300
2026-02-19T14:22:21.616110,outputs\train\act_vit_220ep_completion_v2\final,4,0,0.31999999999999995,-0.1,8,False,300,0.30345337227955643,-0.09736654898135078,3.07555885120959,0.02,300
2026-02-19T14:22:21.616110,outputs\train\act_vit_220ep_completion_v2\final,4,0,0.31999999999999995,-0.1,9,False,300,0.31259713189977406,-0.10266845956980132,-72.71322994409599,0.02,300
2026-02-19T14:22:21.616110,outputs\train\act_vit_220ep_completion_v2\final,5,0,0.37,-0.1,0,True,217,0.38086645291167226,-0.0837711853473096,-44.7818345047888,0.02,300
2026-02-19T14:22:21.616110,outputs\train\act_vit_220ep_completion_v2\final,5,0,0.37,-0.1,1,False,300,0.37740346520707546,-0.08448682662391979,-70.37987616456833,0.02,300
2026-02-19T14:22:21.616110,outputs\train\act_vit_220ep_completion_v2\final,5,0,0.37,-0.1,2,False,300,0.3613525001220507,-0.10256132566919096,42.31105708321572,0.02,300
2026-02-19T14:22:21.616110,outputs\train\act_vit_220ep_completion_v2\final,5,0,0.37,-0.1,3,False,300,0.35845100857940937,-0.0912637099090354,-59.37513340040826,0.02,300
2026-02-19T14:22:21.616110,outputs\train\act_vit_220ep_completion_v2\final,5,0,0.37,-0.1,4,False,300,0.3691113191407789,-0.11913522856373077,-20.818163420405707,0.02,300
2026-02-19T14:22:21.616110,outputs\train\act_vit_220ep_completion_v2\final,5,0,0.37,-0.1,5,True,212,0.36856590686357577,-0.08099731427510257,42.997875834672016,0.02,300
2026-02-19T14:22:21.616110,outputs\train\act_vit_220ep_completion_v2\final,5,0,0.37,-0.1,6,False,300,0.3555472564821388,-0.1158317575927574,-60.438459134514,0.02,300
2026-02-19T14:22:21.616110,outputs\train\act_vit_220ep_completion_v2\final,5,0,0.37,-0.1,7,False,300,0.3817210494595119,-0.10432580203068757,172.27432470052838,0.02,300
2026-02-19T14:22:21.616110,outputs\train\act_vit_220ep_completion_v2\final,5,0,0.37,-0.1,8,False,300,0.3760499792128683,-0.11861028288644218,-74.0234467940576,0.02,300
2026-02-19T14:22:21.616110,outputs\train\act_vit_220ep_completion_v2\final,5,0,0.37,-0.1,9,True,206,0.36328332045854383,-0.08841011290366937,140.26914940697742,0.02,300
2026-02-19T14:22:21.616110,outputs\train\act_vit_220ep_completion_v2\final,6,0,0.42,-0.1,0,False,300,0.4340026396288084,-0.11411725205287548,88.78950073425958,0.02,300
2026-02-19T14:22:21.616110,outputs\train\act_vit_220ep_completion_v2\final,6,0,0.42,-0.1,1,False,300,0.42961179516559245,-0.11520971202525937,-135.00449745277825,0.02,300
2026-02-19T14:22:21.616110,outputs\train\act_vit_220ep_completion_v2\final,6,0,0.42,-0.1,2,False,300,0.415724568465996,-0.1050962540058893,-45.588886708056314,0.02,300
2026-02-19T14:22:21.616110,outputs\train\act_vit_220ep_completion_v2\final,6,0,0.42,-0.1,3,False,300,0.4340039019825108,-0.10507180732698308,-35.768764283858005,0.02,300
2026-02-19T14:22:21.616110,outputs\train\act_vit_220ep_completion_v2\final,6,0,0.42,-0.1,4,False,300,0.42129179939585276,-0.09166611262737229,-29.714822817994715,0.02,300
2026-02-19T14:22:21.616110,outputs\train\act_vit_220ep_completion_v2\final,6,0,0.42,-0.1,5,False,300,0.40436813427899715,-0.10556742171793973,166.21048717758833,0.02,300
2026-02-19T14:22:21.616110,outputs\train\act_vit_220ep_completion_v2\final,6,0,0.42,-0.1,6,False,300,0.42791722505271007,-0.11503507614615698,-108.19355082107455,0.02,300
2026-02-19T14:22:21.616110,outputs\train\act_vit_220ep_completion_v2\final,6,0,0.42,-0.1,7,False,300,0.42507608541621233,-0.11336036917294721,-126.87791007277072,0.02,300
2026-02-19T14:22:21.616110,outputs\train\act_vit_220ep_completion_v2\final,6,0,0.42,-0.1,8,False,300,0.4089802284232143,-0.09322343900524208,68.68782296608956,0.02,300
2026-02-19T14:22:21.616110,outputs\train\act_vit_220ep_completion_v2\final,6,0,0.42,-0.1,9,False,300,0.43147078505228675,-0.11848634604806538,-141.25508880788394,0.02,300
